ticker,name,sector,exchange,industry
NASDAQ:WBD,WBD,Consumer Services,NASDAQ,Cable/Satellite TV
NYSE:BBAI,BBAI,Technology Services,NYSE,Packaged Software
NYSE:F,F,Consumer Durables,NYSE,Motor Vehicles
NYSE:VALE,VALE,Non-Energy Minerals,NYSE,Steel
NYSE:YMM,YMM,Technology Services,NYSE,Packaged Software
NYSE:NIO,NIO,Consumer Durables,NYSE,Motor Vehicles
NYSE:SNAP,SNAP,Technology Services,NYSE,Packaged Software
NYSE:ACHR,ACHR,Electronic Technology,NYSE,Aerospace & Defense
NASDAQ:NVTS,NVTS,Electronic Technology,NASDAQ,Semiconductors
AMEX:SPXS,SPXS,Miscellaneous,AMEX,Investment Trusts/Mutual Funds
NASDAQ:AUR,AUR,Technology Services,NASDAQ,Packaged Software
AMEX:ULTY,ULTY,Miscellaneous,AMEX,Investment Trusts/Mutual Funds
NYSE:CLF,CLF,Non-Energy Minerals,NYSE,Steel
NYSE:ITUB,ITUB,Finance,NYSE,Major Banks
NASDAQ:AGNC,AGNC,Finance,NASDAQ,Real Estate Investment Trusts
NYSE:CX,CX,Non-Energy Minerals,NYSE,Construction Materials
NASDAQ:LCID,LCID,Consumer Durables,NASDAQ,Motor Vehicles
AMEX:PSLV,PSLV,Miscellaneous,AMEX,Investment Trusts/Mutual Funds
NYSE:AMCR,AMCR,Process Industries,NYSE,Containers/Packaging
NASDAQ:SNGX,SNGX,Health Technology,NASDAQ,Pharmaceuticals: Major
NASDAQ:GRAB,GRAB,Transportation,NASDAQ,Air Freight/Couriers
NYSE:GENI,GENI,Technology Services,NYSE,Internet Software/Services
NYSE:ADT,ADT,Commercial Services,NYSE,Miscellaneous Commercial Services
NASDAQ:CASI,CASI,Health Technology,NASDAQ,Pharmaceuticals: Major
NYSE:CNH,CNH,Producer Manufacturing,NYSE,Trucks/Construction/Farm Machinery
AMEX:FAZ,FAZ,Miscellaneous,AMEX,Investment Trusts/Mutual Funds
AMEX:DNN,DNN,Non-Energy Minerals,AMEX,Other Metals/Minerals
NASDAQ:ATEC,ATEC,Health Technology,NASDAQ,Medical Specialties
NASDAQ:RXRX,RXRX,Health Technology,NASDAQ,Biotechnology
AMEX:UEC,UEC,Non-Energy Minerals,AMEX,Other Metals/Minerals
NASDAQ:WULF,WULF,Technology Services,NASDAQ,Data Processing Services
NASDAQ:GTM,GTM,Technology Services,NASDAQ,Packaged Software
NASDAQ:EOSE,EOSE,Producer Manufacturing,NASDAQ,Electrical Products
NASDAQ:BTBT,BTBT,Commercial Services,NASDAQ,Miscellaneous Commercial Services
NYSE:BBD,BBD,Finance,NYSE,Major Banks
NASDAQ:WBA,WBA,Retail Trade,NASDAQ,Drugstore Chains
NASDAQ:PTON,PTON,Consumer Services,NASDAQ,Other Consumer Services
NASDAQ:CIFR,CIFR,Technology Services,NASDAQ,Data Processing Services
NYSE:HLN,HLN,Health Technology,NYSE,Pharmaceuticals: Major
NYSE:HL,HL,Non-Energy Minerals,NYSE,Precious Metals
NASDAQ:ERIC,ERIC,Electronic Technology,NASDAQ,Telecommunications Equipment
NASDAQ:VOD,VOD,Communications,NASDAQ,Wireless Telecommunications
NASDAQ:BCRX,BCRX,Health Technology,NASDAQ,Biotechnology
NYSE:CDE,CDE,Non-Energy Minerals,NYSE,Precious Metals
NASDAQ:PARA,PARA,Consumer Services,NASDAQ,Broadcasting
NASDAQ:GT,GT,Consumer Durables,NASDAQ,Automotive Aftermarket
AMEX:UUUU,UUUU,Non-Energy Minerals,AMEX,Other Metals/Minerals
AMEX:PGX,PGX,Miscellaneous,AMEX,Investment Trusts/Mutual Funds
NYSE:COMP,COMP,Technology Services,NYSE,Packaged Software
NYSE:NOK,NOK,Electronic Technology,NYSE,Telecommunications Equipment
AMEX:BTG,BTG,Non-Energy Minerals,AMEX,Precious Metals
NYSE:LYG,LYG,Finance,NYSE,Major Banks
NASDAQ:PDBC,PDBC,Miscellaneous,NASDAQ,Investment Trusts/Mutual Funds
NASDAQ:BLDE,BLDE,Transportation,NASDAQ,Airlines
NYSE:SBSW,SBSW,Non-Energy Minerals,NYSE,Precious Metals
NASDAQ:VLY,VLY,Finance,NASDAQ,Major Banks
NASDAQ:NWL,NWL,Producer Manufacturing,NASDAQ,Industrial Machinery
AMEX:SPDN,SPDN,Miscellaneous,AMEX,Investment Trusts/Mutual Funds
NYSE:FUBO,FUBO,Technology Services,NYSE,Internet Software/Services
NYSE:AG,AG,Non-Energy Minerals,NYSE,Precious Metals
NYSE:ASX,ASX,Electronic Technology,NYSE,Semiconductors
NYSE:WU,WU,Finance,NYSE,Regional Banks
AMEX:EQX,EQX,Non-Energy Minerals,AMEX,Precious Metals
NASDAQ:INMB,INMB,Health Technology,NASDAQ,Biotechnology
NASDAQ:JBLU,JBLU,Transportation,NASDAQ,Airlines
NYSE:RIG,RIG,Industrial Services,NYSE,Contract Drilling
NASDAQ:VTRS,VTRS,Health Technology,NASDAQ,Pharmaceuticals: Major
NYSE:LUMN,LUMN,Communications,NYSE,Major Telecommunications
NYSE:SAND,SAND,Finance,NYSE,Financial Conglomerates
NYSE:FLG,FLG,Finance,NYSE,Savings Banks
NASDAQ:AUPH,AUPH,Health Technology,NASDAQ,Biotechnology
NASDAQ:NVDD,NVDD,Miscellaneous,NASDAQ,Investment Trusts/Mutual Funds
NYSE:TIC,TIC,Commercial Services,NYSE,Miscellaneous Commercial Services
NYSE:FSM,FSM,Non-Energy Minerals,NYSE,Precious Metals
NASDAQ:CCCS,CCCS,Technology Services,NASDAQ,Packaged Software
NYSE:IAG,IAG,Non-Energy Minerals,NYSE,Precious Metals
NYSE:SAN,SAN,Finance,NYSE,Major Banks
NYSE:DX,DX,Finance,NYSE,Real Estate Investment Trusts
NASDAQ:FOLD,FOLD,Health Technology,NASDAQ,Pharmaceuticals: Major
NASDAQ:PAYO,PAYO,Commercial Services,NASDAQ,Miscellaneous Commercial Services
AMEX:MSOS,MSOS,Miscellaneous,AMEX,Investment Trusts/Mutual Funds
NYSE:NWG,NWG,Finance,NYSE,Major Banks
NYSE:BB,BB,Technology Services,NYSE,Packaged Software
NYSE:GNW,GNW,Finance,NYSE,Multi-Line Insurance
NYSE:OLO,OLO,Technology Services,NYSE,Packaged Software
NYSE:WT,WT,Miscellaneous,NYSE,Investment Trusts/Mutual Funds
NYSE:UAA,UAA,Consumer Non-Durables,NYSE,Apparel/Footwear
NASDAQ:VIGL,VIGL,Health Technology,NASDAQ,Biotechnology
NASDAQ:ARRY,ARRY,Electronic Technology,NASDAQ,Semiconductors
NYSE:DNB,DNB,Technology Services,NYSE,Packaged Software
NASDAQ:PTEN,PTEN,Industrial Services,NASDAQ,Contract Drilling
NYSE:RITM,RITM,Finance,NYSE,Real Estate Investment Trusts
NYSE:GGB,GGB,Non-Energy Minerals,NYSE,Steel
NYSE:PBR.A,PBR.A,Energy Minerals,NYSE,Integrated Oil
NASDAQ:HIVE,HIVE,Technology Services,NASDAQ,Information Technology Services
AMEX:NGD,NGD,Non-Energy Minerals,AMEX,Precious Metals
NASDAQ:ROIV,ROIV,Health Technology,NASDAQ,Pharmaceuticals: Major
NYSE:PL,PL,Technology Services,NYSE,Packaged Software
NASDAQ:IOVA,IOVA,Health Technology,NASDAQ,Biotechnology
NYSE:ABEV,ABEV,Consumer Non-Durables,NYSE,Beverages: Alcoholic
NASDAQ:HTZ,HTZ,Finance,NASDAQ,Finance/Rental/Leasing
NASDAQ:SHLS,SHLS,Electronic Technology,NASDAQ,Semiconductors
NYSE:WIT,WIT,Technology Services,NYSE,Information Technology Services
NYSE:NXE,NXE,Non-Energy Minerals,NYSE,Other Metals/Minerals
NYSE:COUR,COUR,Technology Services,NYSE,Internet Software/Services
NASDAQ:LBTYA,LBTYA,Communications,NASDAQ,Major Telecommunications
NYSE:UMC,UMC,Electronic Technology,NYSE,Semiconductors
NASDAQ:MQ,MQ,Commercial Services,NASDAQ,Miscellaneous Commercial Services
NASDAQ:AIP,AIP,Electronic Technology,NASDAQ,Semiconductors
NYSE:PBI,PBI,Technology Services,NYSE,Packaged Software
NASDAQ:ATAI,ATAI,Health Technology,NASDAQ,Pharmaceuticals: Major
NYSE:MPW,MPW,Finance,NYSE,Real Estate Investment Trusts
NYSE:HBI,HBI,Consumer Non-Durables,NYSE,Apparel/Footwear
NYSE:AMC,AMC,Consumer Services,NYSE,Movies/Entertainment
NASDAQ:TIGR,TIGR,Finance,NASDAQ,Investment Banks/Brokers
NYSE:LXP,LXP,Finance,NYSE,Real Estate Investment Trusts
NYSE:PAGS,PAGS,Commercial Services,NYSE,Miscellaneous Commercial Services
NASDAQ:APPS,APPS,Technology Services,NASDAQ,Packaged Software
NYSE:AEG,AEG,Finance,NYSE,Multi-Line Insurance
NASDAQ:ICLN,ICLN,Miscellaneous,NASDAQ,Investment Trusts/Mutual Funds
NYSE:ORC,ORC,Finance,NYSE,Real Estate Investment Trusts
NASDAQ:BGC,BGC,Finance,NASDAQ,Investment Banks/Brokers
NASDAQ:RZLV,RZLV,Technology Services,NASDAQ,Packaged Software
NASDAQ:ARDX,ARDX,Health Technology,NASDAQ,Pharmaceuticals: Major
NYSE:LEG,LEG,Consumer Durables,NYSE,Home Furnishings
NASDAQ:GTX,GTX,Producer Manufacturing,NASDAQ,Auto Parts: OEM
NASDAQ:PRME,PRME,Health Technology,NASDAQ,Biotechnology
NASDAQ:NB,NB,Non-Energy Minerals,NASDAQ,Other Metals/Minerals
NYSE:DRH,DRH,Finance,NYSE,Real Estate Investment Trusts
NASDAQ:PRCH,PRCH,Finance,NASDAQ,Property/Casualty Insurance
NASDAQ:PSEC,PSEC,Miscellaneous,NASDAQ,Investment Trusts/Mutual Funds
NASDAQ:BMBL,BMBL,Technology Services,NASDAQ,Packaged Software
NYSE:KOS,KOS,Energy Minerals,NYSE,Integrated Oil
NYSE:MFG,MFG,Finance,NYSE,Major Banks
NYSE:TALO,TALO,Energy Minerals,NYSE,Oil & Gas Production
NYSE:COTY,COTY,Consumer Non-Durables,NYSE,Household/Personal Care
NASDAQ:LX,LX,Finance,NASDAQ,Finance/Rental/Leasing
NYSE:BTE,BTE,Energy Minerals,NYSE,Integrated Oil
NYSE:UWMC,UWMC,Finance,NYSE,Finance/Rental/Leasing
NYSE:EXK,EXK,Non-Energy Minerals,NYSE,Precious Metals
NASDAQ:OCUL,OCUL,Health Technology,NASDAQ,Pharmaceuticals: Major
NASDAQ:BCDA,BCDA,Health Technology,NASDAQ,Biotechnology
NYSE:BYON,BYON,Retail Trade,NYSE,Internet Retail
NASDAQ:XRX,XRX,Electronic Technology,NASDAQ,Computer Peripherals
NYSE:SBH,SBH,Retail Trade,NYSE,Specialty Stores
NYSE:TWO,TWO,Finance,NYSE,Real Estate Investment Trusts
NYSE:SGHC,SGHC,Consumer Services,NYSE,Casinos/Gaming
NASDAQ:ATYR,ATYR,Health Technology,NASDAQ,Pharmaceuticals: Major
NASDAQ:MLCO,MLCO,Consumer Services,NASDAQ,Hotels/Resorts/Cruise lines
NASDAQ:SSRM,SSRM,Non-Energy Minerals,NASDAQ,Precious Metals
NASDAQ:ADPT,ADPT,Health Technology,NASDAQ,Biotechnology
NYSE:HBM,HBM,Non-Energy Minerals,NYSE,Other Metals/Minerals
NYSE:PGRE,PGRE,Finance,NYSE,Real Estate Investment Trusts
NASDAQ:OXLC,OXLC,Miscellaneous,NASDAQ,Investment Trusts/Mutual Funds
NASDAQ:PHLT,PHLT,Commercial Services,NASDAQ,Miscellaneous Commercial Services
NYSE:MTAL,MTAL,Non-Energy Minerals,NYSE,Other Metals/Minerals
NASDAQ:HLMN,HLMN,Distribution Services,NASDAQ,Wholesale Distributors
NASDAQ:ASPI,ASPI,Health Technology,NASDAQ,Pharmaceuticals: Major
NYSE:MODG,MODG,Consumer Durables,NYSE,Recreational Products
NASDAQ:CLOV,CLOV,Finance,NASDAQ,Life/Health Insurance
NASDAQ:NEXT,NEXT,Energy Minerals,NASDAQ,Oil & Gas Production
NASDAQ:GOGL,GOGL,Transportation,NASDAQ,Marine Shipping
NYSE:ALIT,ALIT,Technology Services,NYSE,Information Technology Services
NASDAQ:CRML,CRML,Non-Energy Minerals,NASDAQ,Precious Metals
NASDAQ:VIAV,VIAV,Technology Services,NASDAQ,Information Technology Services
NYSE:LAC,LAC,Process Industries,NYSE,Chemicals: Agricultural
NASDAQ:UNIT,UNIT,Finance,NASDAQ,Real Estate Investment Trusts
NYSE:UA,UA,Consumer Non-Durables,NYSE,Apparel/Footwear
NASDAQ:EVGO,EVGO,Retail Trade,NASDAQ,Specialty Stores
NASDAQ:DVAX,DVAX,Health Technology,NASDAQ,Biotechnology
NASDAQ:GERN,GERN,Health Technology,NASDAQ,Biotechnology
NASDAQ:TNGX,TNGX,Health Technology,NASDAQ,Biotechnology
NYSE:AQN,AQN,Utilities,NYSE,Electric Utilities
NASDAQ:EVLV,EVLV,Electronic Technology,NASDAQ,Electronic Equipment/Instruments
NYSE:EFC,EFC,Finance,NYSE,Real Estate Investment Trusts
NASDAQ:HLVX,HLVX,Health Technology,NASDAQ,Biotechnology
NASDAQ:IBRX,IBRX,Health Technology,NASDAQ,Pharmaceuticals: Major
NASDAQ:ABCL,ABCL,Health Technology,NASDAQ,Biotechnology
NASDAQ:LBTYK,LBTYK,Communications,NASDAQ,Major Telecommunications
NASDAQ:XERS,XERS,Health Technology,NASDAQ,Biotechnology
NASDAQ:SANA,SANA,Health Technology,NASDAQ,Biotechnology
NASDAQ:ARHS,ARHS,Consumer Durables,NASDAQ,Home Furnishings
NASDAQ:LZ,LZ,Commercial Services,NASDAQ,Miscellaneous Commercial Services
NYSE:NABL,NABL,Technology Services,NYSE,Packaged Software
NASDAQ:DNUT,DNUT,Distribution Services,NASDAQ,Food Distributors
NASDAQ:HNST,HNST,Retail Trade,NASDAQ,Specialty Stores
NYSE:HLF,HLF,Consumer Non-Durables,NYSE,Food: Major Diversified
NYSE:LION,LION,Consumer Services,NYSE,Movies/Entertainment
NASDAQ:IQ,IQ,Technology Services,NASDAQ,Internet Software/Services
NYSE:FBRT,FBRT,Finance,NYSE,Real Estate Investment Trusts
NASDAQ:REAL,REAL,Retail Trade,NASDAQ,Internet Retail
NYSE:SVV,SVV,Retail Trade,NYSE,Specialty Stores
NASDAQ:VMEO,VMEO,Technology Services,NASDAQ,Internet Software/Services
NASDAQ:UDMY,UDMY,Technology Services,NASDAQ,Packaged Software
NYSE:JMIA,JMIA,Technology Services,NYSE,Internet Software/Services
NASDAQ:AVDX,AVDX,Technology Services,NASDAQ,Packaged Software
NYSE:FSLY,FSLY,Technology Services,NYSE,Information Technology Services
NASDAQ:AHCO,AHCO,Finance,NASDAQ,Finance/Rental/Leasing
NYSE:ECC,ECC,Miscellaneous,NYSE,Investment Trusts/Mutual Funds
NASDAQ:LILAK,LILAK,Communications,NASDAQ,Major Telecommunications
NYSE:BGS,BGS,Consumer Non-Durables,NYSE,Food: Major Diversified
NYSE:CXM,CXM,Technology Services,NYSE,Packaged Software
NASDAQ:AMPL,AMPL,Technology Services,NASDAQ,Packaged Software
NYSE:MFA,MFA,Finance,NYSE,Real Estate Investment Trusts
NYSE:CLVT,CLVT,Commercial Services,NYSE,Miscellaneous Commercial Services
NYSE:SUZ,SUZ,Process Industries,NYSE,Pulp & Paper
NASDAQ:DPRO,DPRO,Consumer Durables,NASDAQ,Motor Vehicles
NASDAQ:CMPS,CMPS,Health Technology,NASDAQ,Biotechnology
NASDAQ:COGT,COGT,Health Technology,NASDAQ,Biotechnology
NASDAQ:PDYN,PDYN,Producer Manufacturing,NASDAQ,Industrial Machinery
NASDAQ:FIP,FIP,Consumer Services,NASDAQ,Other Consumer Services
NYSE:PMT,PMT,Finance,NYSE,Real Estate Investment Trusts
NYSE:PUMP,PUMP,Industrial Services,NYSE,Oilfield Services/Equipment
NASDAQ:MCW,MCW,Consumer Services,NASDAQ,Other Consumer Services
NYSE:BDN,BDN,Finance,NYSE,Real Estate Investment Trusts
NYSE:GNL,GNL,Finance,NYSE,Real Estate Investment Trusts
NYSE:PTY,PTY,Miscellaneous,NYSE,Investment Trusts/Mutual Funds
NASDAQ:MNMD,MNMD,Health Technology,NASDAQ,Pharmaceuticals: Major
NYSE:BKD,BKD,Health Services,NYSE,Hospital/Nursing Management
NASDAQ:CRE,CRE,Commercial Services,NASDAQ,Commercial Printing/Forms
AMEX:CLM,CLM,Miscellaneous,AMEX,Investment Trusts/Mutual Funds
NASDAQ:HCMAU,HCMAU,Finance,NASDAQ,Financial Conglomerates
NYSE:EC,EC,Energy Minerals,NYSE,Integrated Oil
NYSE:DHT,DHT,Transportation,NYSE,Marine Shipping
NASDAQ:AMRX,AMRX,Health Technology,NASDAQ,Pharmaceuticals: Major
NYSE:SPCE,SPCE,Electronic Technology,NYSE,Aerospace & Defense
NASDAQ:ULCC,ULCC,Transportation,NASDAQ,Airlines
NYSE:LADR,LADR,Finance,NYSE,Real Estate Investment Trusts
NYSE:SHO,SHO,Finance,NYSE,Real Estate Investment Trusts
NYSE:FIGS,FIGS,Consumer Non-Durables,NYSE,Apparel/Footwear
NYSE:ZGN,ZGN,Consumer Non-Durables,NYSE,Apparel/Footwear
NASDAQ:STGW,STGW,Commercial Services,NASDAQ,Miscellaneous Commercial Services
NASDAQ:NAGE,NAGE,Health Technology,NASDAQ,Pharmaceuticals: Other
AMEX:SVM,SVM,Non-Energy Minerals,AMEX,Precious Metals
NYSE:ARI,ARI,Finance,NYSE,Real Estate Investment Trusts
NASDAQ:ADTN,ADTN,Electronic Technology,NASDAQ,Computer Peripherals
NYSE:PDO,PDO,Miscellaneous,NYSE,Investment Trusts/Mutual Funds
NYSE:RLJ,RLJ,Finance,NYSE,Real Estate Investment Trusts
NYSE:NAD,NAD,Miscellaneous,NYSE,Investment Trusts/Mutual Funds
NASDAQ:ABSI,ABSI,Health Technology,NASDAQ,Biotechnology
AMEX:IE,IE,Non-Energy Minerals,AMEX,Other Metals/Minerals
NASDAQ:ATLX,ATLX,Non-Energy Minerals,NASDAQ,Other Metals/Minerals
NASDAQ:RLAY,RLAY,Health Technology,NASDAQ,Biotechnology
NASDAQ:AKBA,AKBA,Health Technology,NASDAQ,Pharmaceuticals: Major
NASDAQ:HOPE,HOPE,Finance,NASDAQ,Major Banks
NYSE:ESRT,ESRT,Finance,NYSE,Real Estate Investment Trusts
NASDAQ:HDSN,HDSN,Distribution Services,NASDAQ,Wholesale Distributors
NYSE:ECVT,ECVT,Process Industries,NYSE,Chemicals: Specialty
NASDAQ:AVXL,AVXL,Health Technology,NASDAQ,Biotechnology
NASDAQ:ETNB,ETNB,Health Technology,NASDAQ,Pharmaceuticals: Major
AMEX:NG,NG,Non-Energy Minerals,AMEX,Precious Metals
NASDAQ:INDI,INDI,Electronic Technology,NASDAQ,Semiconductors
NYSE:RES,RES,Industrial Services,NYSE,Oilfield Services/Equipment
NASDAQ:POET,POET,Electronic Technology,NASDAQ,Semiconductors
NYSE:RERE,RERE,Retail Trade,NYSE,Internet Retail
NYSE:BXMX,BXMX,Miscellaneous,NYSE,Investment Trusts/Mutual Funds
NASDAQ:ZYXI,ZYXI,Health Technology,NASDAQ,Medical Specialties
NYSE:TAC,TAC,Utilities,NYSE,Electric Utilities
NYSE:SXC,SXC,Non-Energy Minerals,NYSE,Steel
NYSE:FSCO,FSCO,Miscellaneous,NYSE,Investment Trusts/Mutual Funds
AMEX:ORLA,ORLA,Non-Energy Minerals,AMEX,Precious Metals
NASDAQ:SABR,SABR,Technology Services,NASDAQ,Packaged Software
NYSE:HPP,HPP,Finance,NYSE,Real Estate Investment Trusts
NASDAQ:TRVI,TRVI,Health Technology,NASDAQ,Biotechnology
NYSE:BRFS,BRFS,Consumer Non-Durables,NYSE,Food: Meat/Fish/Dairy
NYSE:NEA,NEA,Miscellaneous,NYSE,Investment Trusts/Mutual Funds
AMEX:GROY,GROY,Non-Energy Minerals,AMEX,Other Metals/Minerals
NASDAQ:MNKD,MNKD,Health Technology,NASDAQ,Pharmaceuticals: Major
NASDAQ:ORIC,ORIC,Health Technology,NASDAQ,Pharmaceuticals: Major
NASDAQ:CLYM,CLYM,Health Technology,NASDAQ,Biotechnology
NYSE:AIV,AIV,Finance,NYSE,Real Estate Investment Trusts
NYSE:BORR,BORR,Industrial Services,NYSE,Contract Drilling
NYSE:BHC,BHC,Health Technology,NYSE,Pharmaceuticals: Other
NYSE:RWT,RWT,Finance,NYSE,Real Estate Investment Trusts
NYSE:MUX,MUX,Non-Energy Minerals,NYSE,Precious Metals
NASDAQ:TERN,TERN,Health Technology,NASDAQ,Biotechnology
NYSE:FINV,FINV,Finance,NYSE,Finance/Rental/Leasing
NASDAQ:SLDB,SLDB,Health Technology,NASDAQ,Biotechnology
NYSE:AGL,AGL,Health Services,NYSE,Medical/Nursing Services
NASDAQ:FULC,FULC,Health Technology,NASDAQ,Pharmaceuticals: Major
NYSE:GCI,GCI,Consumer Services,NYSE,Publishing: Newspapers
NASDAQ:CRDF,CRDF,Health Technology,NASDAQ,Medical Specialties
NYSE:TRTX,TRTX,Finance,NYSE,Real Estate Investment Trusts
NASDAQ:LFST,LFST,Health Services,NASDAQ,Medical/Nursing Services
AMEX:CRF,CRF,Miscellaneous,AMEX,Investment Trusts/Mutual Funds
NYSE:EBR,EBR,Utilities,NYSE,Electric Utilities
AMEX:TGB,TGB,Non-Energy Minerals,AMEX,Other Metals/Minerals
NASDAQ:DLO,DLO,Technology Services,NASDAQ,Packaged Software
NASDAQ:WOOF,WOOF,Retail Trade,NASDAQ,Internet Retail
NYSE:HYT,HYT,Miscellaneous,NYSE,Investment Trusts/Mutual Funds
NASDAQ:PAX,PAX,Finance,NASDAQ,Investment Managers
NASDAQ:AMLX,AMLX,Health Technology,NASDAQ,Pharmaceuticals: Major
NYSE:HLX,HLX,Industrial Services,NYSE,Oilfield Services/Equipment
NYSE:AHH,AHH,Finance,NYSE,Real Estate Investment Trusts
NASDAQ:CTLP,CTLP,Commercial Services,NASDAQ,Miscellaneous Commercial Services
NYSE:FFWM,FFWM,Finance,NYSE,Regional Banks
NYSE:TK,TK,Transportation,NYSE,Marine Shipping
NYSE:IVR,IVR,Finance,NYSE,Real Estate Investment Trusts
NYSE:CMRE,CMRE,Transportation,NYSE,Marine Shipping
NYSE:NUVB,NUVB,Health Technology,NYSE,Biotechnology
NYSE:SFL,SFL,Transportation,NYSE,Marine Shipping
NYSE:RC,RC,Finance,NYSE,Real Estate Investment Trusts
NASDAQ:MDXG,MDXG,Health Technology,NASDAQ,Medical Specialties
NYSE:CYH,CYH,Health Services,NYSE,Hospital/Nursing Management
NYSE:NZF,NZF,Miscellaneous,NYSE,Investment Trusts/Mutual Funds
NYSE:AXL,AXL,Producer Manufacturing,NYSE,Auto Parts: OEM
NASDAQ:ELWS,ELWS,Technology Services,NASDAQ,Packaged Software
NASDAQ:MIMI,MIMI,Commercial Services,NASDAQ,Miscellaneous Commercial Services
NASDAQ:PAYS,PAYS,Commercial Services,NASDAQ,Miscellaneous Commercial Services
NASDAQ:ALT,ALT,Health Technology,NASDAQ,Biotechnology
NASDAQ:EYPT,EYPT,Health Technology,NASDAQ,Pharmaceuticals: Major
NYSE:JBI,JBI,Producer Manufacturing,NYSE,Building Products
NASDAQ:GSM,GSM,Non-Energy Minerals,NASDAQ,Other Metals/Minerals
NASDAQ:SFIX,SFIX,Retail Trade,NASDAQ,Apparel/Footwear Retail
NYSE:KW,KW,Finance,NYSE,Real Estate Development
NASDAQ:ZVRA,ZVRA,Health Technology,NASDAQ,Pharmaceuticals: Major
NASDAQ:VSTM,VSTM,Health Technology,NASDAQ,Biotechnology
NASDAQ:DEFT,DEFT,Finance,NASDAQ,Investment Managers
NYSE:DNP,DNP,Miscellaneous,NYSE,Investment Trusts/Mutual Funds
NASDAQ:INTR,INTR,Finance,NASDAQ,Major Banks
NYSE:BLND,BLND,Technology Services,NYSE,Information Technology Services
NASDAQ:CMRC,CMRC,Technology Services,NASDAQ,Packaged Software
AMEX:ARMN,ARMN,Non-Energy Minerals,AMEX,Precious Metals
NASDAQ:PLTK,PLTK,Technology Services,NASDAQ,Packaged Software
NYSE:CIO,CIO,Finance,NYSE,Real Estate Investment Trusts
NASDAQ:HUMA,HUMA,Health Technology,NASDAQ,Biotechnology
NASDAQ:AIRS,AIRS,Health Technology,NASDAQ,Medical Specialties
NYSE:BRSP,BRSP,Finance,NYSE,Real Estate Investment Trusts
NASDAQ:NNOX,NNOX,Health Technology,NASDAQ,Medical Specialties
NASDAQ:GSRT,GSRT,Finance,NASDAQ,Financial Conglomerates
NYSE:PFLT,PFLT,Miscellaneous,NYSE,Investment Trusts/Mutual Funds
AMEX:MORT,MORT,Miscellaneous,AMEX,Investment Trusts/Mutual Funds
NASDAQ:TSHA,TSHA,Health Technology,NASDAQ,Biotechnology
NASDAQ:BACCU,BACCU,Finance,NASDAQ,Financial Conglomerates
NYSE:PDM,PDM,Finance,NYSE,Real Estate Investment Trusts
NYSE:TWI,TWI,Producer Manufacturing,NYSE,Auto Parts: OEM
NASDAQ:BYND,BYND,Consumer Non-Durables,NASDAQ,Food: Major Diversified
NYSE:FPI,FPI,Finance,NYSE,Real Estate Investment Trusts
NASDAQ:GRFS,GRFS,Health Technology,NASDAQ,Pharmaceuticals: Major
NASDAQ:NYMT,NYMT,Finance,NASDAQ,Real Estate Investment Trusts
NASDAQ:RTAC,RTAC,Finance,NASDAQ,Financial Conglomerates
NYSE:ATUS,ATUS,Communications,NYSE,Major Telecommunications
NASDAQ:HRZN,HRZN,Miscellaneous,NASDAQ,Investment Trusts/Mutual Funds
NASDAQ:BRR,BRR,Finance,NASDAQ,Financial Conglomerates
NYSE:GBTG,GBTG,Consumer Services,NYSE,Other Consumer Services
NYSE:NPKI,NPKI,Producer Manufacturing,NYSE,Building Products
NASDAQ:MERC,MERC,Process Industries,NASDAQ,Pulp & Paper
NYSE:DBI,DBI,Retail Trade,NYSE,Apparel/Footwear Retail
NASDAQ:VERI,VERI,Commercial Services,NASDAQ,Advertising/Marketing Services
NASDAQ:CUPR,CUPR,Health Technology,NASDAQ,Pharmaceuticals: Major
NYSE:AMBP,AMBP,Process Industries,NYSE,Containers/Packaging
NASDAQ:GLDD,GLDD,Industrial Services,NASDAQ,Engineering & Construction
NASDAQ:LIND,LIND,Consumer Services,NASDAQ,Hotels/Resorts/Cruise lines
NYSE:ICL,ICL,Process Industries,NYSE,Chemicals: Agricultural
NASDAQ:YORK,YORK,Finance,NASDAQ,Financial Conglomerates
NASDAQ:CCIR,CCIR,Finance,NASDAQ,Financial Conglomerates
NYSE:GTN,GTN,Consumer Services,NYSE,Broadcasting
NYSE:HOUS,HOUS,Finance,NYSE,Real Estate Development
AMEX:AIYY,AIYY,Miscellaneous,AMEX,Investment Trusts/Mutual Funds
NYSE:ZIP,ZIP,Technology Services,NYSE,Internet Software/Services
NASDAQ:HTBK,HTBK,Finance,NASDAQ,Regional Banks
AMEX:MRNY,MRNY,Miscellaneous,AMEX,Investment Trusts/Mutual Funds
NYSE:HFRO,HFRO,Miscellaneous,NYSE,Investment Trusts/Mutual Funds
NYSE:NAT,NAT,Transportation,NYSE,Marine Shipping
NYSE:SQNS,SQNS,Electronic Technology,NYSE,Semiconductors
NYSE:NAC,NAC,Miscellaneous,NYSE,Investment Trusts/Mutual Funds
NYSE:EXG,EXG,Miscellaneous,NYSE,Investment Trusts/Mutual Funds
NYSE:EHAB,EHAB,Health Services,NYSE,Medical/Nursing Services
NYSE:NRK,NRK,Miscellaneous,NYSE,Investment Trusts/Mutual Funds
NASDAQ:ALDX,ALDX,Health Technology,NASDAQ,Biotechnology
NYSE:USA,USA,Miscellaneous,NYSE,Investment Trusts/Mutual Funds
NYSE:RQI,RQI,Miscellaneous,NYSE,Investment Trusts/Mutual Funds
NASDAQ:PROP,PROP,Energy Minerals,NASDAQ,Integrated Oil
NASDAQ:HIMX,HIMX,Electronic Technology,NASDAQ,Semiconductors
NASDAQ:OMER,OMER,Health Technology,NASDAQ,Pharmaceuticals: Major
NASDAQ:IAS,IAS,Technology Services,NASDAQ,Packaged Software
NYSE:LUXE,LUXE,Retail Trade,NYSE,Internet Retail
NYSE:LU,LU,Finance,NYSE,Finance/Rental/Leasing
NASDAQ:LRMR,LRMR,Health Technology,NASDAQ,Biotechnology
NASDAQ:YORKU,YORKU,Finance,NASDAQ,Financial Conglomerates
NYSE:PX,PX,Finance,NYSE,Investment Managers
NYSE:CTOS,CTOS,Finance,NYSE,Finance/Rental/Leasing
NASDAQ:SGMT,SGMT,Health Technology,NASDAQ,Pharmaceuticals: Major
NASDAQ:CTKB,CTKB,Health Technology,NASDAQ,Medical Specialties
NYSE:AMBC,AMBC,Finance,NYSE,Specialty Insurance
NYSE:YEXT,YEXT,Technology Services,NYSE,Data Processing Services
NYSE:NVG,NVG,Miscellaneous,NYSE,Investment Trusts/Mutual Funds
NASDAQ:VIR,VIR,Health Technology,NASDAQ,Biotechnology
NYSE:VIV,VIV,Communications,NYSE,Wireless Telecommunications
NASDAQ:OPK,OPK,Health Services,NASDAQ,Medical/Nursing Services
AMEX:SLI,SLI,Process Industries,AMEX,Chemicals: Agricultural
NASDAQ:ILPT,ILPT,Finance,NASDAQ,Real Estate Investment Trusts
NYSE:MUC,MUC,Miscellaneous,NYSE,Investment Trusts/Mutual Funds
NASDAQ:VYGR,VYGR,Health Technology,NASDAQ,Biotechnology
NYSE:OIS,OIS,Industrial Services,NYSE,Oilfield Services/Equipment
NYSE:YALA,YALA,Technology Services,NYSE,Internet Software/Services
NASDAQ:HOND,HOND,Finance,NASDAQ,Financial Conglomerates
NASDAQ:STKL,STKL,Consumer Non-Durables,NASDAQ,Food: Specialty/Candy
NYSE:LXU,LXU,Process Industries,NYSE,Chemicals: Agricultural
NASDAQ:TTEC,TTEC,Technology Services,NASDAQ,Information Technology Services
NYSE:GSBD,GSBD,Miscellaneous,NYSE,Investment Trusts/Mutual Funds
NYSE:EBS,EBS,Health Technology,NYSE,Pharmaceuticals: Major
NYSE:YSG,YSG,Retail Trade,NYSE,Specialty Stores
NYSE:UIS,UIS,Technology Services,NYSE,Information Technology Services
AMEX:VZLA,VZLA,Non-Energy Minerals,AMEX,Precious Metals
NYSE:VET,VET,Energy Minerals,NYSE,Oil & Gas Production
NASDAQ:TFSL,TFSL,Finance,NASDAQ,Savings Banks
NYSE:KREF,KREF,Finance,NYSE,Real Estate Investment Trusts
NASDAQ:CFFN,CFFN,Finance,NASDAQ,Savings Banks
NASDAQ:MCVT,MCVT,Finance,NASDAQ,Finance/Rental/Leasing
NASDAQ:AIOT,AIOT,Electronic Technology,NASDAQ,Telecommunications Equipment
NYSE:NVRI,NVRI,Industrial Services,NYSE,Environmental Services
NASDAQ:ELDN,ELDN,Health Technology,NASDAQ,Pharmaceuticals: Major
NYSE:JPC,JPC,Miscellaneous,NYSE,Investment Trusts/Mutual Funds
NASDAQ:HTLD,HTLD,Transportation,NASDAQ,Trucking
NYSE:HAFN,HAFN,Transportation,NYSE,Marine Shipping
NYSE:TTI,TTI,Process Industries,NYSE,Chemicals: Specialty
NYSE:NMZ,NMZ,Miscellaneous,NYSE,Investment Trusts/Mutual Funds
NYSE:ARCO,ARCO,Consumer Services,NYSE,Restaurants
NASDAQ:AUTL,AUTL,Health Technology,NASDAQ,Biotechnology
NYSE:MAV,MAV,Miscellaneous,NYSE,Investment Trusts/Mutual Funds
NASDAQ:FNKO,FNKO,Consumer Durables,NASDAQ,Recreational Products
NASDAQ:SNDL,SNDL,Process Industries,NASDAQ,Agricultural Commodities/Milling
NASDAQ:ZENA,ZENA,Technology Services,NASDAQ,Information Technology Services
NYSE:UGP,UGP,Retail Trade,NYSE,Specialty Stores
NASDAQ:MRVI,MRVI,Health Technology,NASDAQ,Biotechnology
NASDAQ:NEXN,NEXN,Technology Services,NASDAQ,Packaged Software
NASDAQ:LAND,LAND,Finance,NASDAQ,Real Estate Investment Trusts
NYSE:ORN,ORN,Industrial Services,NYSE,Engineering & Construction
NASDAQ:WB,WB,Technology Services,NASDAQ,Internet Software/Services
NASDAQ:GDRX,GDRX,Technology Services,NASDAQ,Internet Software/Services
NASDAQ:ASTL,ASTL,Producer Manufacturing,NASDAQ,Metal Fabrication
NASDAQ:SWIM,SWIM,Producer Manufacturing,NASDAQ,Miscellaneous Manufacturing
NASDAQ:PSNL,PSNL,Health Services,NASDAQ,Medical/Nursing Services
NASDAQ:GCMG,GCMG,Finance,NASDAQ,Investment Managers
NASDAQ:APADU,APADU,Finance,NASDAQ,Financial Conglomerates
NYSE:EVEX,EVEX,Electronic Technology,NYSE,Aerospace & Defense
NASDAQ:NMFC,NMFC,Miscellaneous,NASDAQ,Investment Trusts/Mutual Funds
NYSE:VGM,VGM,Miscellaneous,NYSE,Investment Trusts/Mutual Funds
NASDAQ:PBPB,PBPB,Consumer Services,NASDAQ,Restaurants
AMEX:DRN,DRN,Miscellaneous,AMEX,Investment Trusts/Mutual Funds
NASDAQ:CRSR,CRSR,Technology Services,NASDAQ,Packaged Software
NYSE:NUV,NUV,Miscellaneous,NYSE,Investment Trusts/Mutual Funds
NYSE:DSL,DSL,Miscellaneous,NYSE,Investment Trusts/Mutual Funds
NYSE:PHD,PHD,Miscellaneous,NYSE,Investment Trusts/Mutual Funds
NASDAQ:SVC,SVC,Finance,NASDAQ,Real Estate Investment Trusts
NYSE:ACEL,ACEL,Consumer Services,NYSE,Movies/Entertainment
NYSE:HUYA,HUYA,Commercial Services,NYSE,Miscellaneous Commercial Services
NASDAQ:MFIC,MFIC,Finance,NASDAQ,Investment Managers
NYSE:IHS,IHS,Industrial Services,NYSE,Engineering & Construction
AMEX:PLTM,PLTM,Miscellaneous,AMEX,Investment Trusts/Mutual Funds
NYSE:CSAN,CSAN,Utilities,NYSE,Gas Distributors
NASDAQ:ACB,ACB,Process Industries,NASDAQ,Agricultural Commodities/Milling
AMEX:OARK,OARK,Miscellaneous,AMEX,Investment Trusts/Mutual Funds
NYSE:INN,INN,Finance,NYSE,Real Estate Investment Trusts
NYSE:TV,TV,Communications,NYSE,Major Telecommunications
NYSE:BNED,BNED,Retail Trade,NYSE,Specialty Stores
NYSE:KYN,KYN,Finance,NYSE,Investment Managers
NASDAQ:ABEO,ABEO,Health Technology,NASDAQ,Pharmaceuticals: Major
NASDAQ:BRKL,BRKL,Finance,NASDAQ,Savings Banks
NASDAQ:ORGO,ORGO,Health Technology,NASDAQ,Medical Specialties
NYSE:NPWR,NPWR,Producer Manufacturing,NYSE,Electrical Products
NYSE:CGAU,CGAU,Non-Energy Minerals,NYSE,Precious Metals
NYSE:DDD,DDD,Technology Services,NYSE,Information Technology Services
NYSE:PBT,PBT,Miscellaneous,NYSE,Investment Trusts/Mutual Funds
NYSE:KODK,KODK,Producer Manufacturing,NYSE,Industrial Machinery
NYSE:ODV,ODV,Non-Energy Minerals,NYSE,Precious Metals
NYSE:XPER,XPER,Technology Services,NYSE,Packaged Software
NASDAQ:CURI,CURI,Consumer Services,NASDAQ,Movies/Entertainment
NYSE:AGRO,AGRO,Process Industries,NYSE,Agricultural Commodities/Milling
NASDAQ:HUBC,HUBC,Commercial Services,NASDAQ,Miscellaneous Commercial Services
NYSE:LOMA,LOMA,Non-Energy Minerals,NYSE,Construction Materials
NASDAQ:TALK,TALK,Health Services,NASDAQ,Medical/Nursing Services
NASDAQ:USAU,USAU,Non-Energy Minerals,NASDAQ,Precious Metals
NASDAQ:MGTX,MGTX,Health Technology,NASDAQ,Biotechnology
NYSE:VLRS,VLRS,Transportation,NYSE,Airlines
NASDAQ:MOMO,MOMO,Technology Services,NASDAQ,Packaged Software
NYSE:GMRE,GMRE,Finance,NYSE,Real Estate Investment Trusts
NASDAQ:SVRA,SVRA,Health Technology,NASDAQ,Pharmaceuticals: Major
NYSE:VTEX,VTEX,Technology Services,NYSE,Information Technology Services
NASDAQ:RZLT,RZLT,Health Technology,NASDAQ,Pharmaceuticals: Major
NYSE:SD,SD,Energy Minerals,NYSE,Oil & Gas Production
NYSE:BBDC,BBDC,Miscellaneous,NYSE,Investment Trusts/Mutual Funds
NASDAQ:CRON,CRON,Health Technology,NASDAQ,Pharmaceuticals: Other
NASDAQ:FLYE,FLYE,Consumer Durables,NASDAQ,Motor Vehicles
AMEX:SPPP,SPPP,Miscellaneous,AMEX,Investment Trusts/Mutual Funds
NYSE:SSL,SSL,Process Industries,NYSE,Chemicals: Major Diversified
NYSE:GRNT,GRNT,Energy Minerals,NYSE,Oil & Gas Production
NYSE:SID,SID,Non-Energy Minerals,NYSE,Steel
NYSE:QD,QD,Technology Services,NYSE,Internet Software/Services
NASDAQ:CVAC,CVAC,Health Technology,NASDAQ,Biotechnology
NYSE:BDJ,BDJ,Miscellaneous,NYSE,Investment Trusts/Mutual Funds
NYSE:GDOT,GDOT,Finance,NYSE,Finance/Rental/Leasing
NYSE:IGR,IGR,Miscellaneous,NYSE,Investment Trusts/Mutual Funds
NYSE:SBXD,SBXD,Finance,NYSE,Financial Conglomerates
NYSE:PCN,PCN,Miscellaneous,NYSE,Investment Trusts/Mutual Funds
AMEX:COPY,COPY,Miscellaneous,AMEX,Investment Trusts/Mutual Funds
NASDAQ:TCPC,TCPC,Finance,NASDAQ,Financial Conglomerates
NYSE:KEP,KEP,Utilities,NYSE,Electric Utilities
NYSE:JQC,JQC,Miscellaneous,NYSE,Investment Trusts/Mutual Funds
NASDAQ:UROY,UROY,Non-Energy Minerals,NASDAQ,Other Metals/Minerals
NASDAQ:MITK,MITK,Technology Services,NASDAQ,Information Technology Services
NYSE:BTX,BTX,Miscellaneous,NYSE,Investment Trusts/Mutual Funds
NYSE:MBI,MBI,Finance,NYSE,Specialty Insurance
NASDAQ:IRBT,IRBT,Consumer Durables,NASDAQ,Electronics/Appliances
NASDAQ:ANGO,ANGO,Health Technology,NASDAQ,Medical Specialties
NASDAQ:RGNX,RGNX,Health Technology,NASDAQ,Pharmaceuticals: Major
NYSE:NXDR,NXDR,Technology Services,NYSE,Internet Software/Services
NASDAQ:AMCX,AMCX,Consumer Services,NASDAQ,Cable/Satellite TV
NASDAQ:HEPS,HEPS,Technology Services,NASDAQ,Internet Software/Services
NASDAQ:LILA,LILA,Communications,NASDAQ,Major Telecommunications
NYSE:DAO,DAO,Technology Services,NYSE,Internet Software/Services
NASDAQ:EU,EU,Non-Energy Minerals,NASDAQ,Other Metals/Minerals
NYSE:NUS,NUS,Consumer Non-Durables,NYSE,Household/Personal Care
NYSE:TKC,TKC,Communications,NYSE,Wireless Telecommunications
NASDAQ:DUOT,DUOT,Technology Services,NASDAQ,Packaged Software
NASDAQ:AIMD,AIMD,Health Technology,NASDAQ,Medical Specialties
NASDAQ:OPRT,OPRT,Finance,NASDAQ,Finance/Rental/Leasing
NYSE:AWF,AWF,Miscellaneous,NYSE,Investment Trusts/Mutual Funds
NASDAQ:DENN,DENN,Consumer Services,NASDAQ,Restaurants
NASDAQ:REAX,REAX,Commercial Services,NASDAQ,Miscellaneous Commercial Services
NASDAQ:OLMA,OLMA,Health Technology,NASDAQ,Pharmaceuticals: Major
NYSE:PHK,PHK,Miscellaneous,NYSE,Investment Trusts/Mutual Funds
NASDAQ:CRCT,CRCT,Distribution Services,NASDAQ,Wholesale Distributors
NYSE:BRDG,BRDG,Finance,NYSE,Investment Managers
NASDAQ:LUNG,LUNG,Health Technology,NASDAQ,Medical Specialties
NYSE:JFR,JFR,Miscellaneous,NYSE,Investment Trusts/Mutual Funds
NASDAQ:DHC,DHC,Finance,NASDAQ,Real Estate Investment Trusts
AMEX:YYY,YYY,Miscellaneous,AMEX,Investment Trusts/Mutual Funds
NASDAQ:CYRX,CYRX,Transportation,NASDAQ,Air Freight/Couriers
NYSE:AAM,AAM,Finance,NYSE,Financial Conglomerates
NASDAQ:CLNE,CLNE,Utilities,NASDAQ,Gas Distributors
NYSE:HIX,HIX,Miscellaneous,NYSE,Investment Trusts/Mutual Funds
NYSE:BWMX,BWMX,Retail Trade,NYSE,Specialty Stores
NASDAQ:RFIL,RFIL,Electronic Technology,NASDAQ,Electronic Components
NASDAQ:CADL,CADL,Health Technology,NASDAQ,Biotechnology
NASDAQ:BVS,BVS,Health Technology,NASDAQ,Medical Specialties
NASDAQ:TBPH,TBPH,Health Technology,NASDAQ,Pharmaceuticals: Major
NASDAQ:ANNX,ANNX,Health Technology,NASDAQ,Pharmaceuticals: Major
NYSE:AOD,AOD,Miscellaneous,NYSE,Investment Trusts/Mutual Funds
NASDAQ:CCCC,CCCC,Health Technology,NASDAQ,Biotechnology
NASDAQ:PBFS,PBFS,Finance,NASDAQ,Regional Banks
NASDAQ:RNW,RNW,Utilities,NASDAQ,Alternative Power Generation
NASDAQ:EWCZ,EWCZ,Consumer Services,NASDAQ,Other Consumer Services
NYSE:BTZ,BTZ,Miscellaneous,NYSE,Investment Trusts/Mutual Funds
NASDAQ:VNDA,VNDA,Health Technology,NASDAQ,Pharmaceuticals: Major
NASDAQ:KRNY,KRNY,Finance,NASDAQ,Savings Banks
NASDAQ:ATXS,ATXS,Health Technology,NASDAQ,Pharmaceuticals: Major
NYSE:GPRK,GPRK,Energy Minerals,NYSE,Oil & Gas Production
NASDAQ:ORIQU,ORIQU,Finance,NASDAQ,Financial Conglomerates
NASDAQ:MEIP,MEIP,Health Technology,NASDAQ,Pharmaceuticals: Major
NYSE:SB,SB,Transportation,NYSE,Marine Shipping
NASDAQ:RMNI,RMNI,Technology Services,NASDAQ,Information Technology Services
NASDAQ:RPAY,RPAY,Commercial Services,NASDAQ,Miscellaneous Commercial Services
NYSE:OIA,OIA,Miscellaneous,NYSE,Investment Trusts/Mutual Funds
NYSE:BSBR,BSBR,Finance,NYSE,Major Banks
NASDAQ:UFG,UFG,Distribution Services,NASDAQ,Wholesale Distributors
AMEX:EVV,EVV,Miscellaneous,AMEX,Investment Trusts/Mutual Funds
NASDAQ:MREO,MREO,Health Technology,NASDAQ,Biotechnology
NYSE:NMR,NMR,Finance,NYSE,Investment Banks/Brokers
NYSE:ACCO,ACCO,Producer Manufacturing,NYSE,Office Equipment/Supplies
NYSE:TUYA,TUYA,Technology Services,NYSE,Packaged Software
NYSE:PFN,PFN,Miscellaneous,NYSE,Investment Trusts/Mutual Funds
NASDAQ:TBLA,TBLA,Technology Services,NASDAQ,Internet Software/Services
NASDAQ:HONE,HONE,Finance,NASDAQ,Regional Banks
NASDAQ:SSYS,SSYS,Electronic Technology,NASDAQ,Computer Peripherals
NASDAQ:LOCO,LOCO,Consumer Services,NASDAQ,Restaurants
NYSE:TEF,TEF,Communications,NYSE,Specialty Telecommunications
NASDAQ:BCARU,BCARU,Finance,NASDAQ,Financial Conglomerates
NYSE:PNNT,PNNT,Miscellaneous,NYSE,Investment Trusts/Mutual Funds
NYSE:RSKD,RSKD,Technology Services,NYSE,Packaged Software
NYSE:DSU,DSU,Miscellaneous,NYSE,Investment Trusts/Mutual Funds
NYSE:BRW,BRW,Miscellaneous,NYSE,Investment Trusts/Mutual Funds
NASDAQ:ADUR,ADUR,Process Industries,NASDAQ,Chemicals: Specialty
NASDAQ:NNDM,NNDM,Producer Manufacturing,NASDAQ,Industrial Machinery
NASDAQ:ABL,ABL,Finance,NASDAQ,Investment Managers
NASDAQ:PRTH,PRTH,Technology Services,NASDAQ,Packaged Software
NASDAQ:AZ,AZ,Finance,NASDAQ,Financial Conglomerates
NYSE:KRO,KRO,Process Industries,NYSE,Chemicals: Specialty
NYSE:NXJ,NXJ,Miscellaneous,NYSE,Investment Trusts/Mutual Funds
NYSE:AVBC,AVBC,Finance,NYSE,Savings Banks
NYSE:XFLT,XFLT,Miscellaneous,NYSE,Investment Trusts/Mutual Funds
NASDAQ:NCMI,NCMI,Commercial Services,NASDAQ,Advertising/Marketing Services
NYSE:WTI,WTI,Energy Minerals,NYSE,Oil & Gas Production
NASDAQ:GILT,GILT,Electronic Technology,NASDAQ,Telecommunications Equipment
NASDAQ:RWAY,RWAY,Finance,NASDAQ,Finance/Rental/Leasing
NASDAQ:RBBN,RBBN,Technology Services,NASDAQ,Packaged Software
NYSE:LAR,LAR,Non-Energy Minerals,NYSE,Other Metals/Minerals
NASDAQ:KOD,KOD,Health Technology,NASDAQ,Biotechnology
NYSE:RMAX,RMAX,Finance,NYSE,Real Estate Development
AMEX:DC,DC,Non-Energy Minerals,AMEX,Precious Metals
NASDAQ:AISP,AISP,Technology Services,NASDAQ,Packaged Software
NYSE:DOUG,DOUG,Finance,NYSE,Real Estate Development
NASDAQ:LTRN,LTRN,Health Technology,NASDAQ,Pharmaceuticals: Major
NASDAQ:SWIN,SWIN,Finance,NASDAQ,Investment Banks/Brokers
NASDAQ:SEAT,SEAT,Consumer Services,NASDAQ,Movies/Entertainment
NASDAQ:NESR,NESR,Industrial Services,NASDAQ,Oilfield Services/Equipment
AMEX:DHY,DHY,Miscellaneous,AMEX,Investment Trusts/Mutual Funds
NASDAQ:BDTX,BDTX,Health Technology,NASDAQ,Biotechnology
NYSE:BAK,BAK,Process Industries,NYSE,Chemicals: Specialty
NYSE:CIG,CIG,Utilities,NYSE,Electric Utilities
NASDAQ:NFBK,NFBK,Finance,NASDAQ,Savings Banks
NASDAQ:HRTX,HRTX,Health Technology,NASDAQ,Biotechnology
NASDAQ:LSBK,LSBK,Finance,NASDAQ,Savings Banks
NYSE:PFL,PFL,Miscellaneous,NYSE,Investment Trusts/Mutual Funds
NASDAQ:CNDT,CNDT,Commercial Services,NASDAQ,Miscellaneous Commercial Services
NASDAQ:SIDU,SIDU,Electronic Technology,NASDAQ,Telecommunications Equipment
NASDAQ:FLWS,FLWS,Retail Trade,NASDAQ,Internet Retail
NASDAQ:ALLT,ALLT,Electronic Technology,NASDAQ,Computer Communications
NASDAQ:EVOK,EVOK,Health Technology,NASDAQ,Pharmaceuticals: Major
NYSE:ENIC,ENIC,Utilities,NYSE,Electric Utilities
NYSE:VMO,VMO,Miscellaneous,NYSE,Investment Trusts/Mutual Funds
NASDAQ:AQST,AQST,Health Technology,NASDAQ,Pharmaceuticals: Major
NYSE:AVD,AVD,Process Industries,NYSE,Chemicals: Agricultural
NASDAQ:MIND,MIND,Industrial Services,NASDAQ,Oilfield Services/Equipment
NYSE:GHY,GHY,Miscellaneous,NYSE,Investment Trusts/Mutual Funds
NYSE:CION,CION,Miscellaneous,NYSE,Investment Trusts/Mutual Funds
NYSE:KTF,KTF,Miscellaneous,NYSE,Investment Trusts/Mutual Funds
NYSE:MITT,MITT,Finance,NYSE,Real Estate Investment Trusts
NYSE:ETV,ETV,Miscellaneous,NYSE,Investment Trusts/Mutual Funds
NYSE:DHF,DHF,Miscellaneous,NYSE,Investment Trusts/Mutual Funds
NYSE:MTW,MTW,Producer Manufacturing,NYSE,Trucks/Construction/Farm Machinery
AMEX:HNW,HNW,Miscellaneous,AMEX,Investment Trusts/Mutual Funds
NASDAQ:ACDC,ACDC,Industrial Services,NASDAQ,Oilfield Services/Equipment
NYSE:LPL,LPL,Electronic Technology,NYSE,Electronic Production Equipment
NASDAQ:SNES,SNES,Process Industries,NASDAQ,Chemicals: Agricultural
NASDAQ:VMD,VMD,Health Services,NASDAQ,Hospital/Nursing Management
NASDAQ:CRVS,CRVS,Health Technology,NASDAQ,Pharmaceuticals: Major
NASDAQ:ALVO,ALVO,Health Technology,NASDAQ,Biotechnology
NYSE:QUAD,QUAD,Commercial Services,NYSE,Commercial Printing/Forms
NYSE:LDI,LDI,Finance,NYSE,Finance/Rental/Leasing
NYSE:ETW,ETW,Miscellaneous,NYSE,Investment Trusts/Mutual Funds
NYSE:BHK,BHK,Miscellaneous,NYSE,Investment Trusts/Mutual Funds
NYSE:ET/PI,ET/PI,Industrial Services,NYSE,Oil & Gas Pipelines
NASDAQ:CRNT,CRNT,Electronic Technology,NASDAQ,Telecommunications Equipment
NASDAQ:FTCI,FTCI,Technology Services,NASDAQ,Packaged Software
NASDAQ:AGEN,AGEN,Health Technology,NASDAQ,Biotechnology
NASDAQ:SIGA,SIGA,Health Technology,NASDAQ,Pharmaceuticals: Major
NASDAQ:RGP,RGP,Commercial Services,NASDAQ,Miscellaneous Commercial Services
NYSE:MEGI,MEGI,Miscellaneous,NYSE,Investment Trusts/Mutual Funds
NYSE:CANG,CANG,Distribution Services,NYSE,Wholesale Distributors
NYSE:NKX,NKX,Miscellaneous,NYSE,Investment Trusts/Mutual Funds
NYSE:AWP,AWP,Miscellaneous,NYSE,Investment Trusts/Mutual Funds
NASDAQ:MFIN,MFIN,Finance,NASDAQ,Investment Managers
NASDAQ:BLZE,BLZE,Electronic Technology,NASDAQ,Computer Peripherals
NASDAQ:ALMS,ALMS,Health Technology,NASDAQ,Pharmaceuticals: Major
AMEX:CYBN,CYBN,Health Technology,AMEX,Pharmaceuticals: Major
NASDAQ:OSUR,OSUR,Health Technology,NASDAQ,Medical Specialties
AMEX:RETL,RETL,Miscellaneous,AMEX,Investment Trusts/Mutual Funds
NASDAQ:EMPG,EMPG,Distribution Services,NASDAQ,Medical Distributors
NASDAQ:INAC,INAC,Finance,NASDAQ,Financial Conglomerates
NYSE:AVK,AVK,Miscellaneous,NYSE,Investment Trusts/Mutual Funds
NASDAQ:CCIX,CCIX,Finance,NASDAQ,Financial Conglomerates
NYSE:MX,MX,Electronic Technology,NYSE,Semiconductors
NASDAQ:TMCI,TMCI,Health Technology,NASDAQ,Medical Specialties
NASDAQ:PERI,PERI,Technology Services,NASDAQ,Internet Software/Services
NASDAQ:IMTX,IMTX,Health Technology,NASDAQ,Biotechnology
NASDAQ:HCAT,HCAT,Technology Services,NASDAQ,Packaged Software
NASDAQ:ABUS,ABUS,Health Technology,NASDAQ,Pharmaceuticals: Major
NYSE:SLQT,SLQT,Finance,NYSE,Multi-Line Insurance
NASDAQ:WEST,WEST,Consumer Non-Durables,NASDAQ,Food: Specialty/Candy
NYSE:BGT,BGT,Miscellaneous,NYSE,Investment Trusts/Mutual Funds
NYSE:ADCT,ADCT,Health Technology,NYSE,Pharmaceuticals: Major
NYSE:EB,EB,Technology Services,NYSE,Packaged Software
NASDAQ:TH,TH,Consumer Services,NASDAQ,Hotels/Resorts/Cruise lines
NASDAQ:CHI,CHI,Miscellaneous,NASDAQ,Investment Trusts/Mutual Funds
NYSE:ACP,ACP,Miscellaneous,NYSE,Investment Trusts/Mutual Funds
NYSE:FRA,FRA,Miscellaneous,NYSE,Investment Trusts/Mutual Funds
NASDAQ:CGNT,CGNT,Technology Services,NASDAQ,Packaged Software
NYSE:EARN,EARN,Finance,NYSE,Real Estate Investment Trusts
NASDAQ:ASLE,ASLE,Distribution Services,NASDAQ,Wholesale Distributors
NYSE:PML,PML,Miscellaneous,NYSE,Investment Trusts/Mutual Funds
NASDAQ:IMMR,IMMR,Electronic Technology,NASDAQ,Computer Peripherals
NASDAQ:FMFC,FMFC,Consumer Non-Durables,NASDAQ,Consumer Sundries
NYSE:MYI,MYI,Miscellaneous,NYSE,Investment Trusts/Mutual Funds
AMEX:WEAT,WEAT,Miscellaneous,AMEX,Investment Trusts/Mutual Funds
NASDAQ:PANL,PANL,Miscellaneous,NASDAQ,Miscellaneous
NYSE:ISD,ISD,Miscellaneous,NYSE,Investment Trusts/Mutual Funds
NASDAQ:TRUE,TRUE,Technology Services,NASDAQ,Internet Software/Services
NASDAQ:KMRK,KMRK,Commercial Services,NASDAQ,Miscellaneous Commercial Services
NYSE:EGY,EGY,Energy Minerals,NYSE,Integrated Oil
NASDAQ:CDXS,CDXS,Process Industries,NASDAQ,Chemicals: Specialty
AMEX:GGN,GGN,Miscellaneous,AMEX,Investment Trusts/Mutual Funds
AMEX:INDO,INDO,Energy Minerals,AMEX,Integrated Oil
NASDAQ:LPTH,LPTH,Electronic Technology,NASDAQ,Electronic Components
NASDAQ:AMTX,AMTX,Process Industries,NASDAQ,Chemicals: Specialty
NYSE:NDMO,NDMO,Miscellaneous,NYSE,Investment Trusts/Mutual Funds
NYSE:RCS,RCS,Miscellaneous,NYSE,Investment Trusts/Mutual Funds
NASDAQ:ATII,ATII,Finance,NASDAQ,Financial Conglomerates
NASDAQ:RTACU,RTACU,Finance,NASDAQ,Financial Conglomerates
AMEX:ERC,ERC,Miscellaneous,AMEX,Investment Trusts/Mutual Funds
NASDAQ:HYMC,HYMC,Non-Energy Minerals,NASDAQ,Precious Metals
NYSE:MMU,MMU,Miscellaneous,NYSE,Investment Trusts/Mutual Funds
NASDAQ:AUDC,AUDC,Electronic Technology,NASDAQ,Telecommunications Equipment
NYSE:EFR,EFR,Miscellaneous,NYSE,Investment Trusts/Mutual Funds
NYSE:NMCO,NMCO,Miscellaneous,NYSE,Investment Trusts/Mutual Funds
NASDAQ:CHY,CHY,Miscellaneous,NASDAQ,Investment Trusts/Mutual Funds
NASDAQ:OBIO,OBIO,Health Technology,NASDAQ,Medical Specialties
NYSE:EMD,EMD,Miscellaneous,NYSE,Investment Trusts/Mutual Funds
NASDAQ:XGN,XGN,Health Services,NASDAQ,Medical/Nursing Services
NYSE:RLX,RLX,Producer Manufacturing,NYSE,Industrial Conglomerates
NYSE:NGL,NGL,Industrial Services,NYSE,Oil & Gas Pipelines
NASDAQ:FTFT,FTFT,Finance,NASDAQ,Finance/Rental/Leasing
NYSE:WIW,WIW,Miscellaneous,NYSE,Investment Trusts/Mutual Funds
NYSE:PDT,PDT,Miscellaneous,NYSE,Investment Trusts/Mutual Funds
NASDAQ:FTRI,FTRI,Miscellaneous,NASDAQ,Investment Trusts/Mutual Funds
NASDAQ:EVCM,EVCM,Technology Services,NASDAQ,Packaged Software
NASDAQ:VGSR,VGSR,Miscellaneous,NASDAQ,Investment Trusts/Mutual Funds
NYSE:THW,THW,Miscellaneous,NYSE,Investment Trusts/Mutual Funds
NYSE:TIXT,TIXT,Technology Services,NYSE,Information Technology Services
NYSE:VVR,VVR,Miscellaneous,NYSE,Investment Trusts/Mutual Funds
NYSE:BOE,BOE,Miscellaneous,NYSE,Investment Trusts/Mutual Funds
NASDAQ:INGN,INGN,Health Technology,NASDAQ,Medical Specialties
NYSE:TPVG,TPVG,Miscellaneous,NYSE,Investment Trusts/Mutual Funds
AMEX:GTE,GTE,Energy Minerals,AMEX,Integrated Oil
AMEX:NHS,NHS,Miscellaneous,AMEX,Investment Trusts/Mutual Funds
NASDAQ:GLUE,GLUE,Health Technology,NASDAQ,Biotechnology
NYSE:RYAM,RYAM,Process Industries,NYSE,Chemicals: Specialty
NASDAQ:SPWR,SPWR,Industrial Services,NASDAQ,Engineering & Construction
NYSE:IIM,IIM,Miscellaneous,NYSE,Investment Trusts/Mutual Funds
NYSE:AMPY,AMPY,Energy Minerals,NYSE,Integrated Oil
NASDAQ:SSSS,SSSS,Miscellaneous,NASDAQ,Investment Trusts/Mutual Funds
NASDAQ:MASS,MASS,Health Technology,NASDAQ,Medical Specialties
NYSE:JRI,JRI,Miscellaneous,NYSE,Investment Trusts/Mutual Funds
NYSE:WOW,WOW,Communications,NYSE,Major Telecommunications
NYSE:SHCO,SHCO,Commercial Services,NYSE,Miscellaneous Commercial Services
NYSE:GAB,GAB,Miscellaneous,NYSE,Investment Trusts/Mutual Funds
NASDAQ:TAOX,TAOX,Technology Services,NASDAQ,Packaged Software
NYSE:ACRE,ACRE,Finance,NYSE,Real Estate Investment Trusts
AMEX:NML,NML,Miscellaneous,AMEX,Investment Trusts/Mutual Funds
NASDAQ:NEOV,NEOV,Producer Manufacturing,NASDAQ,Electrical Products
NASDAQ:RCON,RCON,Distribution Services,NASDAQ,Electronics Distributors
NASDAQ:VEEE,VEEE,Consumer Durables,NASDAQ,Recreational Products
NYSE:BCX,BCX,Miscellaneous,NYSE,Investment Trusts/Mutual Funds
NYSE:ZH,ZH,Technology Services,NYSE,Internet Software/Services
NASDAQ:MBAV,MBAV,Finance,NASDAQ,Financial Conglomerates
NYSE:PHT,PHT,Miscellaneous,NYSE,Investment Trusts/Mutual Funds
AMEX:OBE,OBE,Energy Minerals,AMEX,Oil & Gas Production
NASDAQ:YMAT,YMAT,Producer Manufacturing,NASDAQ,Electrical Products
NYSE:LUCK,LUCK,Consumer Services,NYSE,Movies/Entertainment
NASDAQ:MFH,MFH,Technology Services,NASDAQ,Information Technology Services
NYSE:IQI,IQI,Miscellaneous,NYSE,Investment Trusts/Mutual Funds
NASDAQ:HAIN,HAIN,Consumer Non-Durables,NASDAQ,Food: Major Diversified
NYSE:BRCC,BRCC,Consumer Non-Durables,NYSE,Food: Specialty/Candy
NASDAQ:CXDO,CXDO,Technology Services,NASDAQ,Internet Software/Services
NASDAQ:ACHV,ACHV,Health Technology,NASDAQ,Pharmaceuticals: Major
NASDAQ:CDZI,CDZI,Finance,NASDAQ,Real Estate Development
NYSE:BLW,BLW,Miscellaneous,NYSE,Investment Trusts/Mutual Funds
NASDAQ:DRDB,DRDB,Finance,NASDAQ,Financial Conglomerates
NYSE:FPH,FPH,Finance,NYSE,Real Estate Development
NYSE:AGD,AGD,Miscellaneous,NYSE,Investment Trusts/Mutual Funds
NYSE:MYN,MYN,Miscellaneous,NYSE,Investment Trusts/Mutual Funds
NASDAQ:INO,INO,Health Technology,NASDAQ,Pharmaceuticals: Major
NASDAQ:DH,DH,Technology Services,NASDAQ,Packaged Software
NYSE:RA,RA,Miscellaneous,NYSE,Investment Trusts/Mutual Funds
AMEX:VNTG,VNTG,Transportation,AMEX,Marine Shipping
AMEX:HYLN,HYLN,Producer Manufacturing,AMEX,Auto Parts: OEM
NASDAQ:OCC,OCC,Electronic Technology,NASDAQ,Telecommunications Equipment
NYSE:GOTU,GOTU,Commercial Services,NYSE,Miscellaneous Commercial Services
NYSE:NFJ,NFJ,Miscellaneous,NYSE,Investment Trusts/Mutual Funds
NASDAQ:AVAH,AVAH,Health Services,NASDAQ,Medical/Nursing Services
NASDAQ:DMAA,DMAA,Finance,NASDAQ,Financial Conglomerates
NASDAQ:WNEB,WNEB,Finance,NASDAQ,Savings Banks
NYSE:EFXT,EFXT,Producer Manufacturing,NYSE,Industrial Machinery
NASDAQ:GYRO,GYRO,Finance,NASDAQ,Real Estate Development
NASDAQ:MAMA,MAMA,Consumer Non-Durables,NASDAQ,Food: Meat/Fish/Dairy
NASDAQ:SRTS,SRTS,Health Technology,NASDAQ,Medical Specialties
NASDAQ:MPAA,MPAA,Producer Manufacturing,NASDAQ,Auto Parts: OEM
NYSE:EFT,EFT,Miscellaneous,NYSE,Investment Trusts/Mutual Funds
NASDAQ:BRY,BRY,Energy Minerals,NASDAQ,Oil & Gas Production
NASDAQ:CCCX,CCCX,Finance,NASDAQ,Financial Conglomerates
NYSE:IGD,IGD,Miscellaneous,NYSE,Investment Trusts/Mutual Funds
NYSE:PCQ,PCQ,Miscellaneous,NYSE,Investment Trusts/Mutual Funds
NASDAQ:AURA,AURA,Health Technology,NASDAQ,Biotechnology
NASDAQ:ARKO,ARKO,Retail Trade,NASDAQ,Food Retail
NYSE:CIA,CIA,Finance,NYSE,Life/Health Insurance
NYSE:BGY,BGY,Miscellaneous,NYSE,Investment Trusts/Mutual Funds
NASDAQ:CHW,CHW,Miscellaneous,NASDAQ,Investment Trusts/Mutual Funds
NASDAQ:CERS,CERS,Health Technology,NASDAQ,Medical Specialties
AMEX:CPHI,CPHI,Health Technology,AMEX,Pharmaceuticals: Major
NASDAQ:LXEO,LXEO,Health Technology,NASDAQ,Biotechnology
NYSE:TBI,TBI,Commercial Services,NYSE,Personnel Services
NYSE:CMTG,CMTG,Finance,NYSE,Real Estate Investment Trusts
NYSE:MUJ,MUJ,Miscellaneous,NYSE,Investment Trusts/Mutual Funds
NASDAQ:CRESY,CRESY,Process Industries,NASDAQ,Agricultural Commodities/Milling
NYSE:FCT,FCT,Miscellaneous,NYSE,Investment Trusts/Mutual Funds
NASDAQ:TPCS,TPCS,Producer Manufacturing,NASDAQ,Industrial Machinery
NASDAQ:CLAR,CLAR,Consumer Durables,NASDAQ,Recreational Products
NASDAQ:ASUR,ASUR,Technology Services,NASDAQ,Packaged Software
NASDAQ:CLLS,CLLS,Health Technology,NASDAQ,Pharmaceuticals: Major
NASDAQ:AVIR,AVIR,Health Technology,NASDAQ,Pharmaceuticals: Major
NYSE:VKQ,VKQ,Miscellaneous,NYSE,Investment Trusts/Mutual Funds
NYSE:FF,FF,Process Industries,NYSE,Chemicals: Specialty
NASDAQ:DYCQ,DYCQ,Finance,NASDAQ,Financial Conglomerates
NYSE:GETY,GETY,Technology Services,NYSE,Internet Software/Services
NYSE:BYM,BYM,Miscellaneous,NYSE,Investment Trusts/Mutual Funds
NYSE:MHF,MHF,Miscellaneous,NYSE,Investment Trusts/Mutual Funds
NYSE:ELP,ELP,Utilities,NYSE,Electric Utilities
AMEX:STXS,STXS,Health Technology,AMEX,Medical Specialties
NYSE:HGLB,HGLB,Miscellaneous,NYSE,Investment Trusts/Mutual Funds
NYSE:CLDT,CLDT,Finance,NYSE,Real Estate Investment Trusts
NYSE:MYD,MYD,Miscellaneous,NYSE,Investment Trusts/Mutual Funds
AMEX:EIM,EIM,Miscellaneous,AMEX,Investment Trusts/Mutual Funds
NASDAQ:KCHV,KCHV,Finance,NASDAQ,Financial Conglomerates
NYSE:NCV,NCV,Miscellaneous,NYSE,Investment Trusts/Mutual Funds
AMEX:MTA,MTA,Finance,AMEX,Financial Conglomerates
NASDAQ:RCEL,RCEL,Health Technology,NASDAQ,Medical Specialties
NASDAQ:DMAC,DMAC,Health Technology,NASDAQ,Biotechnology
NYSE:MHI,MHI,Miscellaneous,NYSE,Investment Trusts/Mutual Funds
NASDAQ:VFS,VFS,Consumer Durables,NASDAQ,Motor Vehicles
NASDAQ:SCPH,SCPH,Health Technology,NASDAQ,Pharmaceuticals: Major
NASDAQ:OABI,OABI,Commercial Services,NASDAQ,Miscellaneous Commercial Services
NASDAQ:ACRS,ACRS,Health Technology,NASDAQ,Pharmaceuticals: Major
NYSE:HIO,HIO,Miscellaneous,NYSE,Investment Trusts/Mutual Funds
NASDAQ:DAAQ,DAAQ,Finance,NASDAQ,Financial Conglomerates
NYSE:IDE,IDE,Miscellaneous,NYSE,Investment Trusts/Mutual Funds
NASDAQ:INSE,INSE,Technology Services,NASDAQ,Packaged Software
NYSE:JOF,JOF,Miscellaneous,NYSE,Investment Trusts/Mutual Funds
NYSE:TSE,TSE,Process Industries,NYSE,Chemicals: Specialty
NASDAQ:OXSQ,OXSQ,Miscellaneous,NASDAQ,Investment Trusts/Mutual Funds
NASDAQ:QIPT,QIPT,Health Services,NASDAQ,Services to the Health Industry
NYSE:DPG,DPG,Miscellaneous,NYSE,Investment Trusts/Mutual Funds
NASDAQ:MXCT,MXCT,Health Technology,NASDAQ,Biotechnology
NYSE:BNY,BNY,Miscellaneous,NYSE,Investment Trusts/Mutual Funds
NYSE:HLLY,HLLY,Producer Manufacturing,NYSE,Auto Parts: OEM
NASDAQ:RRGB,RRGB,Consumer Services,NASDAQ,Restaurants
NASDAQ:SKYE,SKYE,Health Technology,NASDAQ,Pharmaceuticals: Major
NYSE:CURV,CURV,Retail Trade,NYSE,Apparel/Footwear Retail
NYSE:JEQ,JEQ,Miscellaneous,NYSE,Investment Trusts/Mutual Funds
NYSE:PSQH,PSQH,Retail Trade,NYSE,Department Stores
NYSE:NOAH,NOAH,Finance,NYSE,Investment Managers
NASDAQ:OSS,OSS,Electronic Technology,NASDAQ,Computer Processing Hardware
NYSE:TEI,TEI,Miscellaneous,NYSE,Investment Trusts/Mutual Funds
NYSE:IGA,IGA,Miscellaneous,NYSE,Investment Trusts/Mutual Funds
NYSE:VCV,VCV,Miscellaneous,NYSE,Investment Trusts/Mutual Funds
NYSE:PACK,PACK,Process Industries,NYSE,Containers/Packaging
NYSE:EVG,EVG,Miscellaneous,NYSE,Investment Trusts/Mutual Funds
NASDAQ:CDLX,CDLX,Technology Services,NASDAQ,Internet Software/Services
AMEX:VKI,VKI,Miscellaneous,AMEX,Investment Trusts/Mutual Funds
NASDAQ:ALTS,ALTS,Industrial Services,NASDAQ,Environmental Services
NYSE:FT,FT,Miscellaneous,NYSE,Investment Trusts/Mutual Funds
NYSE:MQY,MQY,Miscellaneous,NYSE,Investment Trusts/Mutual Funds
NYSE:GB,GB,Technology Services,NYSE,Data Processing Services
NYSE:RFI,RFI,Miscellaneous,NYSE,Investment Trusts/Mutual Funds
NASDAQ:BMEA,BMEA,Health Technology,NASDAQ,Pharmaceuticals: Major
NYSE:BGR,BGR,Miscellaneous,NYSE,Investment Trusts/Mutual Funds
NASDAQ:ERAS,ERAS,Health Technology,NASDAQ,Pharmaceuticals: Major
NASDAQ:EHTH,EHTH,Finance,NASDAQ,Life/Health Insurance
NYSE:VLN,VLN,Electronic Technology,NYSE,Semiconductors
NASDAQ:ARQ,ARQ,Process Industries,NASDAQ,Chemicals: Major Diversified
AMEX:EDZ,EDZ,Miscellaneous,AMEX,Investment Trusts/Mutual Funds
NASDAQ:SSP,SSP,Consumer Services,NASDAQ,Broadcasting
NASDAQ:NIU,NIU,Consumer Durables,NASDAQ,Motor Vehicles
NYSE:BTCM,BTCM,Technology Services,NYSE,Data Processing Services
NYSE:GUT,GUT,Miscellaneous,NYSE,Investment Trusts/Mutual Funds
NASDAQ:WTG,WTG,Finance,NASDAQ,Financial Conglomerates
NASDAQ:MSW,MSW,Industrial Services,NASDAQ,Engineering & Construction
NASDAQ:FRST,FRST,Finance,NASDAQ,Regional Banks
NYSE:DMO,DMO,Miscellaneous,NYSE,Investment Trusts/Mutual Funds
NASDAQ:COCP,COCP,Health Technology,NASDAQ,Pharmaceuticals: Major
AMEX:RIET,RIET,Miscellaneous,AMEX,Investment Trusts/Mutual Funds
NYSE:BFZ,BFZ,Miscellaneous,NYSE,Investment Trusts/Mutual Funds
NYSE:EDD,EDD,Miscellaneous,NYSE,Investment Trusts/Mutual Funds
NYSE:BKT,BKT,Miscellaneous,NYSE,Investment Trusts/Mutual Funds
NYSE:MHN,MHN,Miscellaneous,NYSE,Investment Trusts/Mutual Funds
NASDAQ:OCCI,OCCI,Miscellaneous,NASDAQ,Investment Trusts/Mutual Funds
NASDAQ:BACQ,BACQ,Finance,NASDAQ,Financial Conglomerates
NASDAQ:MDCX,MDCX,Health Technology,NASDAQ,Biotechnology
NASDAQ:PBYI,PBYI,Health Technology,NASDAQ,Pharmaceuticals: Major
NASDAQ:TRVG,TRVG,Technology Services,NASDAQ,Internet Software/Services
NYSE:BGB,BGB,Miscellaneous,NYSE,Investment Trusts/Mutual Funds
NYSE:ETJ,ETJ,Miscellaneous,NYSE,Investment Trusts/Mutual Funds
NASDAQ:TKNO,TKNO,Health Technology,NASDAQ,Pharmaceuticals: Major
NASDAQ:OLPX,OLPX,Consumer Non-Durables,NASDAQ,Household/Personal Care
NASDAQ:III,III,Commercial Services,NASDAQ,Miscellaneous Commercial Services
NASDAQ:VVOS,VVOS,Health Technology,NASDAQ,Medical Specialties
AMEX:BRBS,BRBS,Finance,AMEX,Major Banks
NASDAQ:LFCR,LFCR,Health Technology,NASDAQ,Pharmaceuticals: Major
NYSE:SABA,SABA,Miscellaneous,NYSE,Investment Trusts/Mutual Funds
NASDAQ:UNCY,UNCY,Health Technology,NASDAQ,Biotechnology
NASDAQ:TEAD,TEAD,Technology Services,NASDAQ,Packaged Software
NASDAQ:ARAY,ARAY,Health Technology,NASDAQ,Medical Specialties
NASDAQ:FACT,FACT,Finance,NASDAQ,Financial Conglomerates
NYSE:AOMR,AOMR,Finance,NYSE,Real Estate Investment Trusts
NASDAQ:XNET,XNET,Technology Services,NASDAQ,Information Technology Services
NYSE:GGT,GGT,Miscellaneous,NYSE,Investment Trusts/Mutual Funds
AMEX:CEV,CEV,Miscellaneous,AMEX,Investment Trusts/Mutual Funds
NASDAQ:EWZS,EWZS,Miscellaneous,NASDAQ,Investment Trusts/Mutual Funds
NASDAQ:JRVR,JRVR,Finance,NASDAQ,Multi-Line Insurance
NYSE:ZTR,ZTR,Miscellaneous,NYSE,Investment Trusts/Mutual Funds
NASDAQ:ENGN,ENGN,Health Technology,NASDAQ,Biotechnology
NASDAQ:ELVA,ELVA,Producer Manufacturing,NASDAQ,Electrical Products
NASDAQ:BWEN,BWEN,Producer Manufacturing,NASDAQ,Electrical Products
NYSE:LEO,LEO,Miscellaneous,NYSE,Investment Trusts/Mutual Funds
NYSE:NAN,NAN,Miscellaneous,NYSE,Investment Trusts/Mutual Funds
NASDAQ:API,API,Technology Services,NASDAQ,Packaged Software
NASDAQ:FBLA,FBLA,Finance,NASDAQ,Regional Banks
NASDAQ:JEM,JEM,Distribution Services,NASDAQ,Wholesale Distributors
NASDAQ:USGO,USGO,Non-Energy Minerals,NASDAQ,Precious Metals
NYSE:NPCT,NPCT,Miscellaneous,NYSE,Investment Trusts/Mutual Funds
NYSE:MSD,MSD,Miscellaneous,NYSE,Investment Trusts/Mutual Funds
NASDAQ:EGHT,EGHT,Technology Services,NASDAQ,Packaged Software
NASDAQ:NOTV,NOTV,Commercial Services,NASDAQ,Miscellaneous Commercial Services
NASDAQ:GMGI,GMGI,Technology Services,NASDAQ,Packaged Software
NYSE:FOF,FOF,Miscellaneous,NYSE,Investment Trusts/Mutual Funds
NASDAQ:WKEY,WKEY,Electronic Technology,NASDAQ,Semiconductors
NASDAQ:NVNO,NVNO,Health Technology,NASDAQ,Medical Specialties
NASDAQ:KIDZ,KIDZ,Finance,NASDAQ,Financial Conglomerates
NASDAQ:NVCT,NVCT,Health Technology,NASDAQ,Pharmaceuticals: Major
NASDAQ:PVBC,PVBC,Finance,NASDAQ,Savings Banks
NASDAQ:MGX,MGX,Health Technology,NASDAQ,Pharmaceuticals: Major
NASDAQ:WKSP,WKSP,Producer Manufacturing,NASDAQ,Auto Parts: OEM
NASDAQ:EPSN,EPSN,Energy Minerals,NASDAQ,Integrated Oil
NYSE:NPV,NPV,Miscellaneous,NYSE,Investment Trusts/Mutual Funds
NASDAQ:VTSI,VTSI,Technology Services,NASDAQ,Information Technology Services
AMEX:EAD,EAD,Miscellaneous,AMEX,Investment Trusts/Mutual Funds
NASDAQ:COEP,COEP,Health Technology,NASDAQ,Biotechnology
NASDAQ:BTMD,BTMD,Health Services,NASDAQ,Hospital/Nursing Management
NASDAQ:CPIX,CPIX,Health Technology,NASDAQ,Pharmaceuticals: Major
NYSE:VTN,VTN,Miscellaneous,NYSE,Investment Trusts/Mutual Funds
NYSE:CULP,CULP,Process Industries,NYSE,Textiles
NYSE:SKYH,SKYH,Finance,NYSE,Real Estate Development
NASDAQ:VOXR,VOXR,Non-Energy Minerals,NASDAQ,Precious Metals
NASDAQ:QUIK,QUIK,Electronic Technology,NASDAQ,Semiconductors
NASDAQ:ENTA,ENTA,Health Technology,NASDAQ,Pharmaceuticals: Major
NASDAQ:JFB,JFB,Industrial Services,NASDAQ,Engineering & Construction
NYSE:NMAI,NMAI,Miscellaneous,NYSE,Investment Trusts/Mutual Funds
AMEX:DVS,DVS,Non-Energy Minerals,AMEX,Precious Metals
NYSE:BFK,BFK,Miscellaneous,NYSE,Investment Trusts/Mutual Funds
NYSE:JGH,JGH,Miscellaneous,NYSE,Investment Trusts/Mutual Funds
NYSE:PPT,PPT,Miscellaneous,NYSE,Investment Trusts/Mutual Funds
NYSE:HGTY,HGTY,Finance,NYSE,Property/Casualty Insurance
NASDAQ:HUHU,HUHU,Technology Services,NASDAQ,Information Technology Services
NASDAQ:GSIT,GSIT,Electronic Technology,NASDAQ,Semiconductors
NYSE:PNI,PNI,Miscellaneous,NYSE,Investment Trusts/Mutual Funds
NYSE:CCIF,CCIF,Miscellaneous,NYSE,Investment Trusts/Mutual Funds
NYSE:ALTG,ALTG,Distribution Services,NYSE,Wholesale Distributors
NASDAQ:ANIX,ANIX,Health Technology,NASDAQ,Biotechnology
NYSE:SKLZ,SKLZ,Technology Services,NYSE,Data Processing Services
AMEX:VFL,VFL,Miscellaneous,AMEX,Investment Trusts/Mutual Funds
AMEX:INFU,INFU,Commercial Services,AMEX,Miscellaneous Commercial Services
AMEX:NBH,NBH,Miscellaneous,AMEX,Investment Trusts/Mutual Funds
NASDAQ:NPAC,NPAC,Finance,NASDAQ,Financial Conglomerates
AMEX:LODE,LODE,Process Industries,AMEX,Chemicals: Specialty
AMEX:EPM,EPM,Energy Minerals,AMEX,Oil & Gas Production
NASDAQ:HEAL,HEAL,Miscellaneous,NASDAQ,Investment Trusts/Mutual Funds
NASDAQ:BOOM,BOOM,Industrial Services,NASDAQ,Oilfield Services/Equipment
NASDAQ:AFCG,AFCG,Finance,NASDAQ,Finance/Rental/Leasing
NASDAQ:ENSC,ENSC,Health Technology,NASDAQ,Biotechnology
NASDAQ:CEPT,CEPT,Finance,NASDAQ,Financial Conglomerates
AMEX:MYO,MYO,Distribution Services,AMEX,Medical Distributors
NYSE:TG,TG,Non-Energy Minerals,NYSE,Aluminum
NASDAQ:FORD,FORD,Consumer Durables,NASDAQ,Other Consumer Specialties
AMEX:BBLU,BBLU,Miscellaneous,AMEX,Investment Trusts/Mutual Funds
NYSE:CINT,CINT,Technology Services,NYSE,Information Technology Services
NYSE:EVN,EVN,Miscellaneous,NYSE,Investment Trusts/Mutual Funds
NYSE:SJT,SJT,Miscellaneous,NYSE,Investment Trusts/Mutual Funds
NYSE:MFM,MFM,Miscellaneous,NYSE,Investment Trusts/Mutual Funds
AMEX:EMX,EMX,Non-Energy Minerals,AMEX,Precious Metals
NASDAQ:IMPP,IMPP,Transportation,NASDAQ,Marine Shipping
NASDAQ:WHF,WHF,Miscellaneous,NASDAQ,Investment Trusts/Mutual Funds
NYSE:GHI,GHI,Finance,NYSE,Finance/Rental/Leasing
NYSE:TDF,TDF,Miscellaneous,NYSE,Investment Trusts/Mutual Funds
NYSE:BLE,BLE,Miscellaneous,NYSE,Investment Trusts/Mutual Funds
NYSE:MUA,MUA,Miscellaneous,NYSE,Investment Trusts/Mutual Funds
NASDAQ:ACNT,ACNT,Non-Energy Minerals,NASDAQ,Steel
NYSE:MQT,MQT,Miscellaneous,NYSE,Investment Trusts/Mutual Funds
NASDAQ:TACO,TACO,Finance,NASDAQ,Financial Conglomerates
NASDAQ:NCPL,NCPL,Commercial Services,NASDAQ,Miscellaneous Commercial Services
NASDAQ:IMMX,IMMX,Health Technology,NASDAQ,Pharmaceuticals: Major
NASDAQ:AXTI,AXTI,Electronic Technology,NASDAQ,Electronic Production Equipment
NYSE:NQP,NQP,Miscellaneous,NYSE,Investment Trusts/Mutual Funds
NASDAQ:TACOU,TACOU,Finance,NASDAQ,Financial Conglomerates
NASDAQ:KALA,KALA,Health Technology,NASDAQ,Pharmaceuticals: Major
NYSE:OPP,OPP,Miscellaneous,NYSE,Investment Trusts/Mutual Funds
NYSE:DMA,DMA,Miscellaneous,NYSE,Investment Trusts/Mutual Funds
NYSE:SGU,SGU,Energy Minerals,NYSE,Oil Refining/Marketing
NASDAQ:OPXS,OPXS,Electronic Technology,NASDAQ,Electronic Components
NASDAQ:GTEN,GTEN,Finance,NASDAQ,Financial Conglomerates
NYSE:BGX,BGX,Miscellaneous,NYSE,Investment Trusts/Mutual Funds
NASDAQ:ACOG,ACOG,Finance,NASDAQ,Financial Conglomerates
NASDAQ:UHG,UHG,Consumer Durables,NASDAQ,Homebuilding
NYSE:MMT,MMT,Miscellaneous,NYSE,Investment Trusts/Mutual Funds
NYSE:GDO,GDO,Miscellaneous,NYSE,Investment Trusts/Mutual Funds
AMEX:FLYY,FLYY,Transportation,AMEX,Airlines
NASDAQ:SHIP,SHIP,Transportation,NASDAQ,Marine Shipping
NASDAQ:GTERU,GTERU,Finance,NASDAQ,Financial Conglomerates
NASDAQ:SOCAU,SOCAU,Finance,NASDAQ,Financial Conglomerates
NASDAQ:DERM,DERM,Health Technology,NASDAQ,Pharmaceuticals: Major
NASDAQ:NSPR,NSPR,Health Technology,NASDAQ,Medical Specialties
NYSE:ONL,ONL,Finance,NYSE,Real Estate Investment Trusts
NYSE:MPA,MPA,Miscellaneous,NYSE,Investment Trusts/Mutual Funds
AMEX:EVM,EVM,Miscellaneous,AMEX,Investment Trusts/Mutual Funds
NYSE:CHMI,CHMI,Finance,NYSE,Real Estate Investment Trusts
NASDAQ:FENC,FENC,Health Technology,NASDAQ,Pharmaceuticals: Major
NASDAQ:GRAN,GRAN,Commercial Services,NASDAQ,Miscellaneous Commercial Services
NASDAQ:BCBP,BCBP,Finance,NASDAQ,Regional Banks
NASDAQ:BZFD,BZFD,Technology Services,NASDAQ,Internet Software/Services
AMEX:FTF,FTF,Miscellaneous,AMEX,Investment Trusts/Mutual Funds
NASDAQ:IDN,IDN,Technology Services,NASDAQ,Packaged Software
NASDAQ:BLFY,BLFY,Finance,NASDAQ,Savings Banks
NYSE:RMT,RMT,Miscellaneous,NYSE,Investment Trusts/Mutual Funds
NYSE:MG,MG,Industrial Services,NYSE,Engineering & Construction
NASDAQ:CDRO,CDRO,Consumer Services,NASDAQ,Movies/Entertainment
NYSE:EOD,EOD,Miscellaneous,NYSE,Investment Trusts/Mutual Funds
NYSE:HYAC,HYAC,Finance,NYSE,Financial Conglomerates
NASDAQ:FLL,FLL,Consumer Services,NASDAQ,Casinos/Gaming
NASDAQ:MGRM,MGRM,Health Technology,NASDAQ,Medical Specialties
NASDAQ:BEAG,BEAG,Finance,NASDAQ,Financial Conglomerates
NYSE:JRS,JRS,Miscellaneous,NYSE,Investment Trusts/Mutual Funds
NYSE:DSM,DSM,Miscellaneous,NYSE,Investment Trusts/Mutual Funds
NASDAQ:HLXB,HLXB,Finance,NASDAQ,Financial Conglomerates
NYSE:AFB,AFB,Miscellaneous,NYSE,Investment Trusts/Mutual Funds
NASDAQ:EXFY,EXFY,Technology Services,NASDAQ,Packaged Software
NYSE:HYI,HYI,Miscellaneous,NYSE,Investment Trusts/Mutual Funds
NASDAQ:TLS,TLS,Technology Services,NASDAQ,Information Technology Services
NYSE:LZM,LZM,Non-Energy Minerals,NYSE,Other Metals/Minerals
NASDAQ:NCT,NCT,Transportation,NASDAQ,Marine Shipping
NASDAQ:BDMD,BDMD,Health Technology,NASDAQ,Medical Specialties
AMEX:GLO,GLO,Miscellaneous,AMEX,Investment Trusts/Mutual Funds
AMEX:FCO,FCO,Miscellaneous,AMEX,Investment Trusts/Mutual Funds
NASDAQ:ZNTL,ZNTL,Health Technology,NASDAQ,Biotechnology
NASDAQ:SIFY,SIFY,Technology Services,NASDAQ,Internet Software/Services
NASDAQ:CODA,CODA,Electronic Technology,NASDAQ,Aerospace & Defense
NYSE:TNGY,TNGY,Miscellaneous,NYSE,Investment Trusts/Mutual Funds
NASDAQ:RILYZ,RILYZ,Finance,NASDAQ,Investment Banks/Brokers
NASDAQ:DCGO,DCGO,Health Services,NASDAQ,Medical/Nursing Services
NASDAQ:SEVN,SEVN,Finance,NASDAQ,Real Estate Investment Trusts
NASDAQ:TARA,TARA,Health Technology,NASDAQ,Pharmaceuticals: Major
NASDAQ:CAEP,CAEP,Finance,NASDAQ,Financial Conglomerates
NYSE:AACT,AACT,Finance,NYSE,Financial Conglomerates
NYSE:OWLT,OWLT,Consumer Durables,NYSE,Electronics/Appliances
NYSE:ONTF,ONTF,Technology Services,NYSE,Packaged Software
NASDAQ:LTRX,LTRX,Electronic Technology,NASDAQ,Computer Peripherals
NASDAQ:HCHL,HCHL,Consumer Services,NASDAQ,Restaurants
NYSE:BTA,BTA,Miscellaneous,NYSE,Investment Trusts/Mutual Funds
NYSE:AMWL,AMWL,Technology Services,NYSE,Packaged Software
NYSE:EDF,EDF,Miscellaneous,NYSE,Investment Trusts/Mutual Funds
NASDAQ:PHUN,PHUN,Technology Services,NASDAQ,Packaged Software
NASDAQ:NTWK,NTWK,Technology Services,NASDAQ,Information Technology Services
NYSE:MCN,MCN,Miscellaneous,NYSE,Investment Trusts/Mutual Funds
NYSE:DMB,DMB,Miscellaneous,NYSE,Investment Trusts/Mutual Funds
NASDAQ:FDSB,FDSB,Finance,NASDAQ,Savings Banks
NASDAQ:BIOX,BIOX,Process Industries,NASDAQ,Chemicals: Agricultural
NYSE:UFI,UFI,Process Industries,NYSE,Textiles
NYSE:TEAF,TEAF,Miscellaneous,NYSE,Investment Trusts/Mutual Funds
NASDAQ:ACTG,ACTG,Commercial Services,NASDAQ,Miscellaneous Commercial Services
NASDAQ:MAYA,MAYA,Finance,NASDAQ,Financial Conglomerates
NASDAQ:KGEI,KGEI,Energy Minerals,NASDAQ,Oil & Gas Production
NASDAQ:AOHY,AOHY,Miscellaneous,NASDAQ,Investment Trusts/Mutual Funds
NASDAQ:ALBT,ALBT,Health Technology,NASDAQ,Biotechnology
NASDAQ:GNLX,GNLX,Health Technology,NASDAQ,Pharmaceuticals: Major
NYSE:VGI,VGI,Miscellaneous,NYSE,Investment Trusts/Mutual Funds
NYSE:EVF,EVF,Miscellaneous,NYSE,Investment Trusts/Mutual Funds
NASDAQ:TELO,TELO,Health Technology,NASDAQ,Pharmaceuticals: Major
NASDAQ:CREV,CREV,Producer Manufacturing,NASDAQ,Auto Parts: OEM
NASDAQ:LPAA,LPAA,Finance,NASDAQ,Financial Conglomerates
AMEX:PILL,PILL,Miscellaneous,AMEX,Investment Trusts/Mutual Funds
NASDAQ:NYXH,NYXH,Health Technology,NASDAQ,Medical Specialties
NASDAQ:UXIN,UXIN,Technology Services,NASDAQ,Internet Software/Services
NASDAQ:MSGY,MSGY,Industrial Services,NASDAQ,Engineering & Construction
NYSE:HSHP,HSHP,Transportation,NYSE,Marine Shipping
NYSE:YRD,YRD,Technology Services,NYSE,Internet Software/Services
NASDAQ:DSGN,DSGN,Health Technology,NASDAQ,Biotechnology
NASDAQ:MGRT,MGRT,Technology Services,NASDAQ,Information Technology Services
NYSE:EHI,EHI,Miscellaneous,NYSE,Investment Trusts/Mutual Funds
NYSE:LAW,LAW,Technology Services,NYSE,Packaged Software
NASDAQ:RDAG,RDAG,Finance,NASDAQ,Financial Conglomerates
NASDAQ:ONCHU,ONCHU,Finance,NASDAQ,Financial Conglomerates
NASDAQ:KYTX,KYTX,Health Technology,NASDAQ,Biotechnology
NYSE:RFMZ,RFMZ,Miscellaneous,NYSE,Investment Trusts/Mutual Funds
NASDAQ:WALD,WALD,Consumer Non-Durables,NASDAQ,Household/Personal Care
NASDAQ:UPLD,UPLD,Technology Services,NASDAQ,Information Technology Services
NYSE:GPMT,GPMT,Finance,NYSE,Real Estate Investment Trusts
NASDAQ:CELZ,CELZ,Health Technology,NASDAQ,Medical Specialties
NASDAQ:NMPAU,NMPAU,Finance,NASDAQ,Financial Conglomerates
NASDAQ:NKTX,NKTX,Health Technology,NASDAQ,Biotechnology
NYSE:WEA,WEA,Miscellaneous,NYSE,Investment Trusts/Mutual Funds
NASDAQ:JYNT,JYNT,Health Services,NASDAQ,Medical/Nursing Services
NASDAQ:CCLD,CCLD,Technology Services,NASDAQ,Packaged Software
NASDAQ:FVCB,FVCB,Finance,NASDAQ,Regional Banks
NYSE:PCF,PCF,Miscellaneous,NYSE,Investment Trusts/Mutual Funds
NASDAQ:UEIC,UEIC,Consumer Durables,NASDAQ,Electronics/Appliances
AMEX:VENU,VENU,Consumer Services,AMEX,Movies/Entertainment
NYSE:MUE,MUE,Miscellaneous,NYSE,Investment Trusts/Mutual Funds
NYSE:EVC,EVC,Consumer Services,NYSE,Broadcasting
AMEX:AXIL,AXIL,Consumer Non-Durables,AMEX,Household/Personal Care
NASDAQ:BFIN,BFIN,Finance,NASDAQ,Regional Banks
NASDAQ:CHNR,CHNR,Distribution Services,NASDAQ,Wholesale Distributors
NASDAQ:GSHR,GSHR,Finance,NASDAQ,Financial Conglomerates
NYSE:MCR,MCR,Miscellaneous,NYSE,Investment Trusts/Mutual Funds
NASDAQ:FERA,FERA,Finance,NASDAQ,Financial Conglomerates
NASDAQ:BZUN,BZUN,Retail Trade,NASDAQ,Internet Retail
NYSE:JACS,JACS,Finance,NYSE,Financial Conglomerates
NYSE:EBR.B,EBR.B,Utilities,NYSE,Electric Utilities
NASDAQ:ENGS,ENGS,Electronic Technology,NASDAQ,Semiconductors
NASDAQ:SVII,SVII,Finance,NASDAQ,Financial Conglomerates
NASDAQ:ADV,ADV,Commercial Services,NASDAQ,Advertising/Marketing Services
NASDAQ:YSXT,YSXT,Finance,NASDAQ,Property/Casualty Insurance
NASDAQ:DARE,DARE,Health Technology,NASDAQ,Pharmaceuticals: Major
AMEX:UNL,UNL,Miscellaneous,AMEX,Investment Trusts/Mutual Funds
NYSE:ASG,ASG,Miscellaneous,NYSE,Investment Trusts/Mutual Funds
NYSE:CRD.A,CRD.A,Finance,NYSE,Insurance Brokers/Services
NYSE:VPV,VPV,Miscellaneous,NYSE,Investment Trusts/Mutual Funds
NASDAQ:GTEC,GTEC,Producer Manufacturing,NASDAQ,Industrial Machinery
NYSE:NCA,NCA,Miscellaneous,NYSE,Investment Trusts/Mutual Funds
AMEX:CIK,CIK,Miscellaneous,AMEX,Investment Trusts/Mutual Funds
NASDAQ:PRQR,PRQR,Health Technology,NASDAQ,Pharmaceuticals: Major
NYSE:SBI,SBI,Miscellaneous,NYSE,Investment Trusts/Mutual Funds
NYSE:MIO,MIO,Miscellaneous,NYSE,Investment Trusts/Mutual Funds
NYSE:CLCO,CLCO,Industrial Services,NYSE,Oil & Gas Pipelines
AMEX:ECF,ECF,Miscellaneous,AMEX,Investment Trusts/Mutual Funds
NASDAQ:FHTX,FHTX,Health Technology,NASDAQ,Biotechnology
NASDAQ:STHO,STHO,Finance,NASDAQ,Financial Conglomerates
AMEX:OSTX,OSTX,Health Technology,AMEX,Biotechnology
AMEX:LGCY,LGCY,Consumer Services,AMEX,Other Consumer Services
AMEX:PCGG,PCGG,Miscellaneous,AMEX,Investment Trusts/Mutual Funds
NYSE:DDL,DDL,Retail Trade,NYSE,Internet Retail
NASDAQ:HITI,HITI,Retail Trade,NASDAQ,Specialty Stores
AMEX:YFYA,YFYA,Miscellaneous,AMEX,Investment Trusts/Mutual Funds
AMEX:BDRY,BDRY,Miscellaneous,AMEX,Investment Trusts/Mutual Funds
NASDAQ:CRGO,CRGO,Technology Services,NASDAQ,Internet Software/Services
NYSE:HKD,HKD,Technology Services,NYSE,Packaged Software
NASDAQ:JVA,JVA,Consumer Non-Durables,NASDAQ,Food: Specialty/Candy
NASDAQ:ENTX,ENTX,Health Technology,NASDAQ,Pharmaceuticals: Major
NASDAQ:ABTS,ABTS,Technology Services,NASDAQ,Data Processing Services
NASDAQ:PDLB,PDLB,Finance,NASDAQ,Savings Banks
NASDAQ:DWSH,DWSH,Miscellaneous,NASDAQ,Investment Trusts/Mutual Funds
NYSE:CRT,CRT,Miscellaneous,NYSE,Investment Trusts/Mutual Funds
NYSE:PFO,PFO,Miscellaneous,NYSE,Investment Trusts/Mutual Funds
AMEX:ENX,ENX,Miscellaneous,AMEX,Investment Trusts/Mutual Funds
NYSE:GNT,GNT,Miscellaneous,NYSE,Investment Trusts/Mutual Funds
NASDAQ:GWRS,GWRS,Utilities,NASDAQ,Water Utilities
NASDAQ:XAIR,XAIR,Health Technology,NASDAQ,Medical Specialties
NYSE:RIV,RIV,Miscellaneous,NYSE,Investment Trusts/Mutual Funds
NASDAQ:BEEM,BEEM,Producer Manufacturing,NASDAQ,Electrical Products
NYSE:PERF,PERF,Technology Services,NYSE,Packaged Software
NASDAQ:GECC,GECC,Miscellaneous,NASDAQ,Investment Trusts/Mutual Funds
AMEX:NRO,NRO,Miscellaneous,AMEX,Investment Trusts/Mutual Funds
NYSE:MVF,MVF,Miscellaneous,NYSE,Investment Trusts/Mutual Funds
NASDAQ:FIGXU,FIGXU,Finance,NASDAQ,Financial Conglomerates
NYSE:BKN,BKN,Miscellaneous,NYSE,Investment Trusts/Mutual Funds
NYSE:SMHI,SMHI,Transportation,NYSE,Other Transportation
AMEX:AEF,AEF,Miscellaneous,AMEX,Investment Trusts/Mutual Funds
NASDAQ:SURG,SURG,Technology Services,NASDAQ,Packaged Software
NYSE:NCZ,NCZ,Miscellaneous,NYSE,Investment Trusts/Mutual Funds
NASDAQ:MRAM,MRAM,Electronic Technology,NASDAQ,Semiconductors
NASDAQ:GAUZ,GAUZ,Process Industries,NASDAQ,Industrial Specialties
NASDAQ:SGHT,SGHT,Health Technology,NASDAQ,Medical Specialties
NASDAQ:VINP,VINP,Finance,NASDAQ,Investment Managers
NASDAQ:OFAL,OFAL,Industrial Services,NASDAQ,Engineering & Construction
NASDAQ:LGVN,LGVN,Health Technology,NASDAQ,Biotechnology
NASDAQ:GRCE,GRCE,Health Technology,NASDAQ,Pharmaceuticals: Major
NYSE:SWZ,SWZ,Miscellaneous,NYSE,Investment Trusts/Mutual Funds
NYSE:ANVS,ANVS,Health Technology,NYSE,Pharmaceuticals: Major
NASDAQ:BBCP,BBCP,Industrial Services,NASDAQ,Engineering & Construction
NASDAQ:LMFA,LMFA,Commercial Services,NASDAQ,Miscellaneous Commercial Services
NASDAQ:KLTR,KLTR,Technology Services,NASDAQ,Packaged Software
NYSE:SRG,SRG,Finance,NYSE,Real Estate Development
NASDAQ:ACIU,ACIU,Health Technology,NASDAQ,Pharmaceuticals: Major
NYSE:PCM,PCM,Miscellaneous,NYSE,Investment Trusts/Mutual Funds
NASDAQ:CELU,CELU,Commercial Services,NASDAQ,Miscellaneous Commercial Services
NASDAQ:RITR,RITR,Finance,NASDAQ,Real Estate Investment Trusts
NASDAQ:SRBK,SRBK,Finance,NASDAQ,Regional Banks
NASDAQ:PETS,PETS,Retail Trade,NASDAQ,Specialty Stores
NASDAQ:MYPS,MYPS,Technology Services,NASDAQ,Packaged Software
NYSE:NXDT,NXDT,Finance,NYSE,Real Estate Investment Trusts
NASDAQ:AMBR,AMBR,Finance,NASDAQ,Regional Banks
NASDAQ:VNMEU,VNMEU,Finance,NASDAQ,Financial Conglomerates
NASDAQ:NNBR,NNBR,Producer Manufacturing,NASDAQ,Metal Fabrication
NYSE:EEX,EEX,Commercial Services,NYSE,Miscellaneous Commercial Services
NASDAQ:OBLG,OBLG,Electronic Technology,NASDAQ,Computer Communications
NYSE:COOK,COOK,Consumer Durables,NYSE,Electronics/Appliances
NASDAQ:PCYO,PCYO,Utilities,NASDAQ,Water Utilities
NYSE:GF,GF,Miscellaneous,NYSE,Investment Trusts/Mutual Funds
NYSE:MHD,MHD,Miscellaneous,NYSE,Investment Trusts/Mutual Funds
NASDAQ:PN,PN,Utilities,NASDAQ,Electric Utilities
NASDAQ:SOPH,SOPH,Technology Services,NASDAQ,Packaged Software
NYSE:BWG,BWG,Miscellaneous,NYSE,Investment Trusts/Mutual Funds
NASDAQ:KRMD,KRMD,Health Technology,NASDAQ,Medical Specialties
NASDAQ:MAMK,MAMK,Process Industries,NASDAQ,Textiles
NYSE:FINS,FINS,Miscellaneous,NYSE,Investment Trusts/Mutual Funds
NASDAQ:MRNO,MRNO,Consumer Services,NASDAQ,Hotels/Resorts/Cruise lines
NASDAQ:LAWR,LAWR,Technology Services,NASDAQ,Information Technology Services
NASDAQ:WYHG,WYHG,Consumer Non-Durables,NASDAQ,Food: Meat/Fish/Dairy
NYSE:PFD,PFD,Miscellaneous,NYSE,Investment Trusts/Mutual Funds
AMEX:FSP,FSP,Finance,AMEX,Real Estate Investment Trusts
NASDAQ:VTGN,VTGN,Health Technology,NASDAQ,Biotechnology
NASDAQ:ANGH,ANGH,Technology Services,NASDAQ,Internet Software/Services
NASDAQ:LITP,LITP,Miscellaneous,NASDAQ,Investment Trusts/Mutual Funds
NASDAQ:PYPD,PYPD,Health Technology,NASDAQ,Pharmaceuticals: Major
NYSE:NRT,NRT,Miscellaneous,NYSE,Investment Trusts/Mutual Funds
NASDAQ:GASS,GASS,Transportation,NASDAQ,Marine Shipping
NASDAQ:ALTI,ALTI,Finance,NASDAQ,Investment Managers
NASDAQ:MTLS,MTLS,Technology Services,NASDAQ,Packaged Software
NYSE:PMO,PMO,Miscellaneous,NYSE,Investment Trusts/Mutual Funds
NYSE:KNOP,KNOP,Transportation,NYSE,Marine Shipping
NYSE:WIA,WIA,Miscellaneous,NYSE,Investment Trusts/Mutual Funds
NASDAQ:GNOM,GNOM,Miscellaneous,NASDAQ,Investment Trusts/Mutual Funds
NASDAQ:KCHVU,KCHVU,Finance,NASDAQ,Financial Conglomerates
NASDAQ:EUDA,EUDA,Health Services,NASDAQ,Medical/Nursing Services
NYSE:BBDO,BBDO,Finance,NYSE,Major Banks
NASDAQ:PHAR,PHAR,Health Technology,NASDAQ,Pharmaceuticals: Major
NASDAQ:BOSC,BOSC,Electronic Technology,NASDAQ,Semiconductors
NASDAQ:MJID,MJID,Distribution Services,NASDAQ,Wholesale Distributors
AMEX:CANE,CANE,Miscellaneous,AMEX,Investment Trusts/Mutual Funds
NYSE:CLPR,CLPR,Finance,NYSE,Real Estate Investment Trusts
NYSE:NNY,NNY,Miscellaneous,NYSE,Investment Trusts/Mutual Funds
NASDAQ:HURA,HURA,Health Technology,NASDAQ,Biotechnology
NASDAQ:IZEA,IZEA,Commercial Services,NASDAQ,Advertising/Marketing Services
NASDAQ:CSBR,CSBR,Health Technology,NASDAQ,Biotechnology
NASDAQ:KMDA,KMDA,Health Technology,NASDAQ,Biotechnology
NASDAQ:CV,CV,Health Technology,NASDAQ,Medical Specialties
NASDAQ:AIRJ,AIRJ,Producer Manufacturing,NASDAQ,Electrical Products
NYSE:NUW,NUW,Miscellaneous,NYSE,Investment Trusts/Mutual Funds
NASDAQ:MRCC,MRCC,Miscellaneous,NASDAQ,Investment Trusts/Mutual Funds
NYSE:PGZ,PGZ,Miscellaneous,NYSE,Investment Trusts/Mutual Funds
NASDAQ:FLD,FLD,Technology Services,NASDAQ,Packaged Software
NYSE:BHR,BHR,Finance,NYSE,Real Estate Investment Trusts
NYSE:MVO,MVO,Miscellaneous,NYSE,Investment Trusts/Mutual Funds
AMEX:RLGT,RLGT,Transportation,AMEX,Air Freight/Couriers
AMEX:HIPS,HIPS,Miscellaneous,AMEX,Investment Trusts/Mutual Funds
NASDAQ:NEPH,NEPH,Health Technology,NASDAQ,Medical Specialties
AMEX:MRT,MRT,Finance,AMEX,Finance/Rental/Leasing
NASDAQ:TCRX,TCRX,Health Technology,NASDAQ,Biotechnology
NASDAQ:FAT,FAT,Consumer Services,NASDAQ,Restaurants
NASDAQ:STKS,STKS,Consumer Services,NASDAQ,Restaurants
NASDAQ:CMTL,CMTL,Electronic Technology,NASDAQ,Telecommunications Equipment
AMEX:ERH,ERH,Miscellaneous,AMEX,Investment Trusts/Mutual Funds
AMEX:AMAX,AMAX,Miscellaneous,AMEX,Investment Trusts/Mutual Funds
NASDAQ:NRXP,NRXP,Health Technology,NASDAQ,Pharmaceuticals: Major
NASDAQ:GNSS,GNSS,Electronic Technology,NASDAQ,Computer Communications
NASDAQ:PRE,PRE,Finance,NASDAQ,Financial Conglomerates
NYSE:CXE,CXE,Miscellaneous,NYSE,Investment Trusts/Mutual Funds
NASDAQ:OFS,OFS,Miscellaneous,NASDAQ,Investment Trusts/Mutual Funds
NYSE:FMN,FMN,Miscellaneous,NYSE,Investment Trusts/Mutual Funds
NASDAQ:RSVR,RSVR,Commercial Services,NASDAQ,Miscellaneous Commercial Services
NASDAQ:CPSH,CPSH,Producer Manufacturing,NASDAQ,Metal Fabrication
NASDAQ:RSSS,RSSS,Commercial Services,NASDAQ,Miscellaneous Commercial Services
NASDAQ:OMSE,OMSE,Industrial Services,NASDAQ,Oilfield Services/Equipment
NASDAQ:POLE,POLE,Finance,NASDAQ,Financial Conglomerates
NASDAQ:BAER,BAER,Transportation,NASDAQ,Airlines
NASDAQ:MBS,MBS,Miscellaneous,NASDAQ,Investment Trusts/Mutual Funds
NASDAQ:CGEN,CGEN,Health Technology,NASDAQ,Biotechnology
NASDAQ:MLEC,MLEC,Commercial Services,NASDAQ,Miscellaneous Commercial Services
NASDAQ:EPIX,EPIX,Health Technology,NASDAQ,Pharmaceuticals: Major
NASDAQ:ARTW,ARTW,Producer Manufacturing,NASDAQ,Trucks/Construction/Farm Machinery
NASDAQ:ULBI,ULBI,Producer Manufacturing,NASDAQ,Electrical Products
NASDAQ:ATMCU,ATMCU,Finance,NASDAQ,Financial Conglomerates
NYSE:DSX,DSX,Transportation,NYSE,Marine Shipping
NASDAQ:AXINU,AXINU,Finance,NASDAQ,Financial Conglomerates
NASDAQ:PLMK,PLMK,Finance,NASDAQ,Financial Conglomerates
NASDAQ:WENNU,WENNU,Finance,NASDAQ,Financial Conglomerates
NYSE:NIM,NIM,Miscellaneous,NYSE,Investment Trusts/Mutual Funds
NYSE:PMM,PMM,Miscellaneous,NYSE,Investment Trusts/Mutual Funds
NYSE:NMT,NMT,Miscellaneous,NYSE,Investment Trusts/Mutual Funds
NASDAQ:AENT,AENT,Distribution Services,NASDAQ,Electronics Distributors
NASDAQ:TECTP,TECTP,Finance,NASDAQ,Investment Managers
AMEX:CNL,CNL,Non-Energy Minerals,AMEX,Other Metals/Minerals
AMEX:TOPS,TOPS,Transportation,AMEX,Marine Shipping
AMEX:ZDGE,ZDGE,Technology Services,AMEX,Packaged Software
NASDAQ:SNFCA,SNFCA,Finance,NASDAQ,Finance/Rental/Leasing
NASDAQ:WRAP,WRAP,Health Technology,NASDAQ,Medical Specialties
NASDAQ:LNKB,LNKB,Finance,NASDAQ,Regional Banks
NASDAQ:IPWR,IPWR,Electronic Technology,NASDAQ,Semiconductors
NASDAQ:SERA,SERA,Health Services,NASDAQ,Medical/Nursing Services
NASDAQ:FNGR,FNGR,Technology Services,NASDAQ,Packaged Software
NYSE:GRX,GRX,Miscellaneous,NYSE,Investment Trusts/Mutual Funds
NASDAQ:SND,SND,Non-Energy Minerals,NASDAQ,Construction Materials
NYSE:RPT,RPT,Finance,NYSE,Real Estate Investment Trusts
NASDAQ:BMRA,BMRA,Health Technology,NASDAQ,Medical Specialties
NYSE:MIN,MIN,Consumer Services,NYSE,Other Consumer Services
NYSE:CMCM,CMCM,Technology Services,NYSE,Packaged Software
NYSE:PVL,PVL,Miscellaneous,NYSE,Investment Trusts/Mutual Funds
NASDAQ:GENK,GENK,Consumer Services,NASDAQ,Restaurants
NYSE:PGP,PGP,Miscellaneous,NYSE,Investment Trusts/Mutual Funds
AMEX:SPFF,SPFF,Miscellaneous,AMEX,Investment Trusts/Mutual Funds
NASDAQ:SINT,SINT,Health Technology,NASDAQ,Medical Specialties
NASDAQ:LOKV,LOKV,Finance,NASDAQ,Financial Conglomerates
NASDAQ:RAAQ,RAAQ,Finance,NASDAQ,Financial Conglomerates
AMEX:BATT,BATT,Miscellaneous,AMEX,Investment Trusts/Mutual Funds
NASDAQ:LIEN,LIEN,Finance,NASDAQ,Financial Conglomerates
NASDAQ:PCAPU,PCAPU,Finance,NASDAQ,Financial Conglomerates
NASDAQ:TTSH,TTSH,Retail Trade,NASDAQ,Home Improvement Chains
NASDAQ:GTERA,GTERA,Finance,NASDAQ,Financial Conglomerates
NYSE:IAE,IAE,Miscellaneous,NYSE,Investment Trusts/Mutual Funds
NYSE:MIY,MIY,Miscellaneous,NYSE,Investment Trusts/Mutual Funds
NYSE:AP,AP,Non-Energy Minerals,NYSE,Steel
NYSE:IHD,IHD,Miscellaneous,NYSE,Investment Trusts/Mutual Funds
NASDAQ:CLNN,CLNN,Health Technology,NASDAQ,Pharmaceuticals: Major
NASDAQ:EVO,EVO,Health Technology,NASDAQ,Pharmaceuticals: Major
NASDAQ:BRAG,BRAG,Technology Services,NASDAQ,Packaged Software
NASDAQ:NPACU,NPACU,Finance,NASDAQ,Financial Conglomerates
NASDAQ:NLSP,NLSP,Health Technology,NASDAQ,Pharmaceuticals: Major
NASDAQ:RCT,RCT,Technology Services,NASDAQ,Packaged Software
NASDAQ:THTX,THTX,Health Technology,NASDAQ,Pharmaceuticals: Major
NASDAQ:CCIIU,CCIIU,Finance,NASDAQ,Financial Conglomerates
NYSE:PRT,PRT,Miscellaneous,NYSE,Investment Trusts/Mutual Funds
NASDAQ:AVR,AVR,Health Technology,NASDAQ,Medical Specialties
NASDAQ:RVSB,RVSB,Finance,NASDAQ,Savings Banks
NASDAQ:DBVT,DBVT,Health Technology,NASDAQ,Pharmaceuticals: Major
NYSE:MVT,MVT,Miscellaneous,NYSE,Investment Trusts/Mutual Funds
NASDAQ:MNTK,MNTK,Process Industries,NASDAQ,Industrial Specialties
NASDAQ:BMR,BMR,Technology Services,NASDAQ,Packaged Software
NASDAQ:CBUS,CBUS,Technology Services,NASDAQ,Information Technology Services
NYSE:AUNA,AUNA,Health Services,NYSE,Medical/Nursing Services
NYSE:HEQ,HEQ,Miscellaneous,NYSE,Investment Trusts/Mutual Funds
NASDAQ:SCNI,SCNI,Health Technology,NASDAQ,Pharmaceuticals: Other
NYSE:BHV,BHV,Miscellaneous,NYSE,Investment Trusts/Mutual Funds
AMEX:GENM,GENM,Miscellaneous,AMEX,Investment Trusts/Mutual Funds
NYSE:CMU,CMU,Miscellaneous,NYSE,Investment Trusts/Mutual Funds
AMEX:INUV,INUV,Technology Services,AMEX,Packaged Software
NYSE:TSQ,TSQ,Consumer Services,NYSE,Broadcasting
NASDAQ:NOEM,NOEM,Finance,NASDAQ,Financial Conglomerates
NASDAQ:CREG,CREG,Utilities,NASDAQ,Electric Utilities
NASDAQ:ADVM,ADVM,Health Technology,NASDAQ,Pharmaceuticals: Major
NYSE:AHT,AHT,Finance,NYSE,Real Estate Investment Trusts
NASDAQ:CNCK,CNCK,Finance,NASDAQ,Investment Banks/Brokers
NYSE:LFT,LFT,Finance,NYSE,Real Estate Investment Trusts
NASDAQ:IMCC,IMCC,Process Industries,NASDAQ,Agricultural Commodities/Milling
NASDAQ:PSHG,PSHG,Transportation,NASDAQ,Marine Shipping
NASDAQ:ISPO,ISPO,Consumer Services,NASDAQ,Other Consumer Services
NASDAQ:COYA,COYA,Health Technology,NASDAQ,Biotechnology
NASDAQ:DTIL,DTIL,Health Technology,NASDAQ,Biotechnology
NASDAQ:SELF,SELF,Finance,NASDAQ,Real Estate Investment Trusts
NASDAQ:AMOD,AMOD,Technology Services,NASDAQ,Packaged Software
NYSE:CCM,CCM,Health Services,NYSE,Medical/Nursing Services
NASDAQ:KPRX,KPRX,Health Technology,NASDAQ,Pharmaceuticals: Major
NASDAQ:JCTC,JCTC,Distribution Services,NASDAQ,Wholesale Distributors
NASDAQ:SORA,SORA,Distribution Services,NASDAQ,Wholesale Distributors
NASDAQ:DIBS,DIBS,Retail Trade,NASDAQ,Internet Retail
NASDAQ:HKIT,HKIT,Technology Services,NASDAQ,Packaged Software
NASDAQ:SIEB,SIEB,Finance,NASDAQ,Investment Banks/Brokers
NASDAQ:JRSH,JRSH,Consumer Non-Durables,NASDAQ,Apparel/Footwear
NASDAQ:FBIO,FBIO,Health Technology,NASDAQ,Pharmaceuticals: Major
NASDAQ:CRIS,CRIS,Health Technology,NASDAQ,Biotechnology
NASDAQ:SAGT,SAGT,Technology Services,NASDAQ,Packaged Software
NASDAQ:NTRB,NTRB,Health Technology,NASDAQ,Medical Specialties
NASDAQ:MGRX,MGRX,Health Technology,NASDAQ,Pharmaceuticals: Major
NYSE:MPX,MPX,Consumer Durables,NYSE,Recreational Products
NASDAQ:HSCS,HSCS,Health Technology,NASDAQ,Medical Specialties
NASDAQ:REBN,REBN,Consumer Services,NASDAQ,Restaurants
NASDAQ:EGAN,EGAN,Technology Services,NASDAQ,Internet Software/Services
NASDAQ:KZR,KZR,Health Technology,NASDAQ,Biotechnology
AMEX:AIRI,AIRI,Electronic Technology,AMEX,Aerospace & Defense
NASDAQ:CVV,CVV,Electronic Technology,NASDAQ,Electronic Production Equipment
NASDAQ:SHFS,SHFS,Finance,NASDAQ,Financial Conglomerates
NASDAQ:NCI,NCI,Retail Trade,NASDAQ,Apparel/Footwear Retail
NASDAQ:OPAL,OPAL,Process Industries,NASDAQ,Industrial Specialties
NASDAQ:NXXT,NXXT,Technology Services,NASDAQ,Packaged Software
NYSE:CXH,CXH,Miscellaneous,NYSE,Investment Trusts/Mutual Funds
NYSE:VOC,VOC,Miscellaneous,NYSE,Investment Trusts/Mutual Funds
NASDAQ:KOSS,KOSS,Consumer Durables,NASDAQ,Electronics/Appliances
NASDAQ:LSTA,LSTA,Health Technology,NASDAQ,Pharmaceuticals: Major
AMEX:APUS,APUS,Health Technology,AMEX,Biotechnology
NASDAQ:TOYO,TOYO,Electronic Technology,NASDAQ,Semiconductors
NASDAQ:VALN,VALN,Health Technology,NASDAQ,Biotechnology
AMEX:MAIA,MAIA,Health Technology,AMEX,Biotechnology
NASDAQ:NIXX,NIXX,Commercial Services,NASDAQ,Personnel Services
NASDAQ:TBHC,TBHC,Retail Trade,NASDAQ,Specialty Stores
NASDAQ:ACRV,ACRV,Health Technology,NASDAQ,Pharmaceuticals: Major
NASDAQ:DLHC,DLHC,Commercial Services,NASDAQ,Personnel Services
NASDAQ:CREX,CREX,Commercial Services,NASDAQ,Advertising/Marketing Services
NASDAQ:ORMP,ORMP,Health Technology,NASDAQ,Pharmaceuticals: Major
NASDAQ:LOAN,LOAN,Finance,NASDAQ,Real Estate Investment Trusts
NASDAQ:PTNM,PTNM,Consumer Non-Durables,NASDAQ,Household/Personal Care
NYSE:NL,NL,Producer Manufacturing,NYSE,Metal Fabrication
NASDAQ:AUID,AUID,Electronic Technology,NASDAQ,Semiconductors
AMEX:LSF,LSF,Consumer Non-Durables,AMEX,Food: Specialty/Candy
NASDAQ:SDA,SDA,Consumer Services,NASDAQ,Other Consumer Services
NYSE:PIM,PIM,Miscellaneous,NYSE,Investment Trusts/Mutual Funds
NASDAQ:NHTC,NHTC,Consumer Non-Durables,NASDAQ,Household/Personal Care
NASDAQ:BNR,BNR,Health Services,NASDAQ,Medical/Nursing Services
NASDAQ:QLGN,QLGN,Health Technology,NASDAQ,Pharmaceuticals: Other
NASDAQ:SNT,SNT,Electronic Technology,NASDAQ,Aerospace & Defense
NASDAQ:PROF,PROF,Health Technology,NASDAQ,Medical Specialties
NASDAQ:SNOA,SNOA,Health Technology,NASDAQ,Pharmaceuticals: Major
AMEX:SYNX,SYNX,Electronic Technology,AMEX,Computer Communications
AMEX:ATNM,ATNM,Health Technology,AMEX,Pharmaceuticals: Major
NASDAQ:LCFY,LCFY,Technology Services,NASDAQ,Packaged Software
NASDAQ:USIO,USIO,Finance,NASDAQ,Finance/Rental/Leasing
NASDAQ:LPCN,LPCN,Health Technology,NASDAQ,Pharmaceuticals: Major
NASDAQ:VRA,VRA,Consumer Non-Durables,NASDAQ,Apparel/Footwear
NASDAQ:FARM,FARM,Consumer Non-Durables,NASDAQ,Food: Specialty/Candy
NASDAQ:IPM,IPM,Technology Services,NASDAQ,Packaged Software
NYSE:DLNG,DLNG,Transportation,NYSE,Marine Shipping
AMEX:YOLO,YOLO,Miscellaneous,AMEX,Investment Trusts/Mutual Funds
NASDAQ:XELB,XELB,Consumer Non-Durables,NASDAQ,Apparel/Footwear
NYSE:MGF,MGF,Miscellaneous,NYSE,Investment Trusts/Mutual Funds
NASDAQ:ADN,ADN,Electronic Technology,NASDAQ,Semiconductors
NASDAQ:IVA,IVA,Health Technology,NASDAQ,Biotechnology
AMEX:WYY,WYY,Technology Services,AMEX,Data Processing Services
NASDAQ:STAK,STAK,Industrial Services,NASDAQ,Oilfield Services/Equipment
NASDAQ:SCOR,SCOR,Technology Services,NASDAQ,Packaged Software
NASDAQ:SXTP,SXTP,Health Technology,NASDAQ,Biotechnology
NASDAQ:MYSZ,MYSZ,Technology Services,NASDAQ,Internet Software/Services
NASDAQ:ICMB,ICMB,Finance,NASDAQ,Investment Managers
NASDAQ:CALC,CALC,Health Technology,NASDAQ,Biotechnology
AMEX:ELA,ELA,Retail Trade,AMEX,Specialty Stores
AMEX:ISOU,ISOU,Non-Energy Minerals,AMEX,Other Metals/Minerals
NASDAQ:SHIM,SHIM,Industrial Services,NASDAQ,Engineering & Construction
NYSE:SOL,SOL,Industrial Services,NYSE,Engineering & Construction
NYSE:NTZ,NTZ,Consumer Durables,NYSE,Home Furnishings
NASDAQ:MMLP,MMLP,Industrial Services,NASDAQ,Oil & Gas Pipelines
NASDAQ:LUCY,LUCY,Retail Trade,NASDAQ,Internet Retail
NASDAQ:AMST,AMST,Technology Services,NASDAQ,Packaged Software
NASDAQ:ATHE,ATHE,Health Technology,NASDAQ,Pharmaceuticals: Major
NASDAQ:FUFU,FUFU,Technology Services,NASDAQ,Data Processing Services
AMEX:IAF,IAF,Miscellaneous,AMEX,Investment Trusts/Mutual Funds
NASDAQ:INVE,INVE,Electronic Technology,NASDAQ,Semiconductors
NASDAQ:APRE,APRE,Health Technology,NASDAQ,Pharmaceuticals: Major
AMEX:SMHB,SMHB,Miscellaneous,AMEX,Investment Trusts/Mutual Funds
NASDAQ:BFRG,BFRG,Technology Services,NASDAQ,Packaged Software
AMEX:BQ,BQ,Retail Trade,AMEX,Internet Retail
NASDAQ:MCHX,MCHX,Commercial Services,NASDAQ,Advertising/Marketing Services
AMEX:DULL,DULL,Miscellaneous,AMEX,Investment Trusts/Mutual Funds
NASDAQ:MDXH,MDXH,Health Technology,NASDAQ,Medical Specialties
NASDAQ:HFFG,HFFG,Distribution Services,NASDAQ,Food Distributors
NASDAQ:DTST,DTST,Technology Services,NASDAQ,Information Technology Services
NASDAQ:GIPR,GIPR,Finance,NASDAQ,Real Estate Investment Trusts
NYSE:ZKH,ZKH,Retail Trade,NYSE,Department Stores
NASDAQ:DLXY,DLXY,Distribution Services,NASDAQ,Wholesale Distributors
NASDAQ:MAMO,MAMO,Finance,NASDAQ,Real Estate Development
NASDAQ:VERO,VERO,Health Technology,NASDAQ,Medical Specialties
NYSE:DHX,DHX,Commercial Services,NYSE,Personnel Services
NYSE:VATE,VATE,Industrial Services,NYSE,Engineering & Construction
NASDAQ:EDAP,EDAP,Health Technology,NASDAQ,Medical Specialties
NASDAQ:RDHL,RDHL,Health Technology,NASDAQ,Pharmaceuticals: Major
NASDAQ:CSTE,CSTE,Non-Energy Minerals,NASDAQ,Other Metals/Minerals
NASDAQ:LOT,LOT,Consumer Durables,NASDAQ,Motor Vehicles
NASDAQ:OXBR,OXBR,Finance,NASDAQ,Specialty Insurance
NASDAQ:JWEL,JWEL,Distribution Services,NASDAQ,Medical Distributors
NASDAQ:AIRG,AIRG,Electronic Technology,NASDAQ,Semiconductors
NASDAQ:INNV,INNV,Technology Services,NASDAQ,Packaged Software
NASDAQ:BAOS,BAOS,Commercial Services,NASDAQ,Advertising/Marketing Services
AMEX:SER,SER,Commercial Services,AMEX,Miscellaneous Commercial Services
AMEX:SLND,SLND,Industrial Services,AMEX,Engineering & Construction
NYSE:TSI,TSI,Miscellaneous,NYSE,Investment Trusts/Mutual Funds
AMEX:MCRP,MCRP,Producer Manufacturing,AMEX,Industrial Machinery
NASDAQ:PLUT,PLUT,Finance,NASDAQ,Investment Banks/Brokers
NASDAQ:KLXE,KLXE,Energy Minerals,NASDAQ,Oil & Gas Production
NASDAQ:JLHL,JLHL,Commercial Services,NASDAQ,Miscellaneous Commercial Services
NASDAQ:MTEK,MTEK,Consumer Durables,NASDAQ,Electronics/Appliances
NASDAQ:GAIA,GAIA,Commercial Services,NASDAQ,Miscellaneous Commercial Services
NYSE:AVAL,AVAL,Finance,NYSE,Major Banks
NASDAQ:IKT,IKT,Health Technology,NASDAQ,Pharmaceuticals: Major
NASDAQ:ENVB,ENVB,Health Technology,NASDAQ,Pharmaceuticals: Other
NASDAQ:CYCN,CYCN,Health Technology,NASDAQ,Pharmaceuticals: Major
NASDAQ:ASYS,ASYS,Producer Manufacturing,NASDAQ,Industrial Machinery
NYSE:GCV,GCV,Miscellaneous,NYSE,Investment Trusts/Mutual Funds
NASDAQ:PPBT,PPBT,Health Technology,NASDAQ,Pharmaceuticals: Major
NYSE:LND,LND,Finance,NYSE,Real Estate Development
NASDAQ:GTBP,GTBP,Health Technology,NASDAQ,Pharmaceuticals: Major
NASDAQ:CARV,CARV,Finance,NASDAQ,Savings Banks
NASDAQ:PPSI,PPSI,Producer Manufacturing,NASDAQ,Electrical Products
NASDAQ:CNTY,CNTY,Consumer Services,NASDAQ,Casinos/Gaming
NASDAQ:SUUN,SUUN,Utilities,NASDAQ,Alternative Power Generation
NASDAQ:GROW,GROW,Miscellaneous,NASDAQ,Investment Trusts/Mutual Funds
NASDAQ:FGI,FGI,Producer Manufacturing,NASDAQ,Building Products
NASDAQ:RDI,RDI,Consumer Services,NASDAQ,Movies/Entertainment
AMEX:UUU,UUU,Electronic Technology,AMEX,Computer Communications
NASDAQ:MARPS,MARPS,Miscellaneous,NASDAQ,Investment Trusts/Mutual Funds
NASDAQ:AIXI,AIXI,Technology Services,NASDAQ,Packaged Software
NASDAQ:MGIH,MGIH,Process Industries,NASDAQ,Containers/Packaging
NASDAQ:GDC,GDC,Technology Services,NASDAQ,Packaged Software
NASDAQ:SBFM,SBFM,Health Technology,NASDAQ,Pharmaceuticals: Major
NASDAQ:TCRT,TCRT,Health Technology,NASDAQ,Biotechnology
AMEX:NRXS,NRXS,Health Technology,AMEX,Medical Specialties
NASDAQ:LGO,LGO,Non-Energy Minerals,NASDAQ,Other Metals/Minerals
NASDAQ:DRTS,DRTS,Health Technology,NASDAQ,Medical Specialties
NASDAQ:IVDA,IVDA,Electronic Technology,NASDAQ,Telecommunications Equipment
NASDAQ:TDIC,TDIC,Commercial Services,NASDAQ,Miscellaneous Commercial Services
NYSE:NMG,NMG,Non-Energy Minerals,NYSE,Other Metals/Minerals
NASDAQ:PMTR,PMTR,Finance,NASDAQ,Financial Conglomerates
AMEX:ROLR,ROLR,Technology Services,AMEX,Packaged Software
NASDAQ:DAIO,DAIO,Producer Manufacturing,NASDAQ,Industrial Machinery
NASDAQ:TORO,TORO,Transportation,NASDAQ,Marine Shipping
NASDAQ:TUSK,TUSK,Industrial Services,NASDAQ,Oilfield Services/Equipment
NASDAQ:YJ,YJ,Retail Trade,NASDAQ,Catalog/Specialty Distribution
NASDAQ:NXGL,NXGL,Process Industries,NASDAQ,Chemicals: Specialty
NASDAQ:FLUX,FLUX,Producer Manufacturing,NASDAQ,Electrical Products
NASDAQ:DWSN,DWSN,Technology Services,NASDAQ,Data Processing Services
NASDAQ:NTRP,NTRP,Technology Services,NASDAQ,Packaged Software
NASDAQ:BEEP,BEEP,Finance,NASDAQ,Real Estate Development
NASDAQ:WXM,WXM,Producer Manufacturing,NASDAQ,Industrial Machinery
NASDAQ:MEGL,MEGL,Finance,NASDAQ,Investment Managers
NASDAQ:SEER,SEER,Health Technology,NASDAQ,Biotechnology
NASDAQ:IPOD,IPOD,Finance,NASDAQ,Financial Conglomerates
NASDAQ:BOXL,BOXL,Electronic Technology,NASDAQ,Computer Peripherals
NASDAQ:ASTI,ASTI,Electronic Technology,NASDAQ,Semiconductors
NASDAQ:SPAI,SPAI,Electronic Technology,NASDAQ,Aerospace & Defense
NASDAQ:LCCC,LCCC,Finance,NASDAQ,Financial Conglomerates
NASDAQ:ISPR,ISPR,Producer Manufacturing,NASDAQ,Industrial Conglomerates
NASDAQ:HERZ,HERZ,Miscellaneous,NASDAQ,Investment Trusts/Mutual Funds
NASDAQ:DATS,DATS,Technology Services,NASDAQ,Packaged Software
NASDAQ:FCUV,FCUV,Commercial Services,NASDAQ,Advertising/Marketing Services
NASDAQ:BLIV,BLIV,Technology Services,NASDAQ,Information Technology Services
NASDAQ:INCR,INCR,Health Technology,NASDAQ,Medical Specialties
NASDAQ:UCAR,UCAR,Consumer Durables,NASDAQ,Motor Vehicles
NYSE:CATO,CATO,Retail Trade,NYSE,Apparel/Footwear Retail
NASDAQ:PODC,PODC,Technology Services,NASDAQ,Internet Software/Services
NASDAQ:IMRN,IMRN,Health Technology,NASDAQ,Pharmaceuticals: Major
NYSE:GROV,GROV,Consumer Non-Durables,NYSE,Household/Personal Care
NASDAQ:BRFH,BRFH,Consumer Non-Durables,NASDAQ,Beverages: Non-Alcoholic
NASDAQ:STRR,STRR,Health Technology,NASDAQ,Medical Specialties
NASDAQ:AWRE,AWRE,Technology Services,NASDAQ,Packaged Software
NASDAQ:BCG,BCG,Finance,NASDAQ,Investment Managers
NASDAQ:RNTX,RNTX,Health Technology,NASDAQ,Pharmaceuticals: Major
NASDAQ:IMMP,IMMP,Health Technology,NASDAQ,Biotechnology
NASDAQ:HIHO,HIHO,Producer Manufacturing,NASDAQ,Miscellaneous Manufacturing
NASDAQ:DTSS,DTSS,Electronic Technology,NASDAQ,Computer Communications
NASDAQ:WETO,WETO,Transportation,NASDAQ,Other Transportation
NASDAQ:CTRM,CTRM,Transportation,NASDAQ,Marine Shipping
NYSE:RFL,RFL,Finance,NYSE,Real Estate Development
NYSE:SPRU,SPRU,Utilities,NYSE,Electric Utilities
NASDAQ:MNDO,MNDO,Technology Services,NASDAQ,Packaged Software
NASDAQ:CAMP,CAMP,Health Technology,NASDAQ,Biotechnology
NASDAQ:SDHI,SDHI,Finance,NASDAQ,Financial Conglomerates
NASDAQ:WHWK,WHWK,Health Technology,NASDAQ,Biotechnology
NASDAQ:RMBL,RMBL,Retail Trade,NASDAQ,Specialty Stores
NASDAQ:DTI,DTI,Finance,NASDAQ,Finance/Rental/Leasing
NASDAQ:JZ,JZ,Commercial Services,NASDAQ,Miscellaneous Commercial Services
NASDAQ:HGBL,HGBL,Finance,NASDAQ,Investment Banks/Brokers
NASDAQ:ATER,ATER,Retail Trade,NASDAQ,Internet Retail
NASDAQ:SYPR,SYPR,Producer Manufacturing,NASDAQ,Auto Parts: OEM
NASDAQ:HMR,HMR,Industrial Services,NASDAQ,Oil & Gas Pipelines
NASDAQ:HXHX,HXHX,Transportation,NASDAQ,Trucking
NASDAQ:CTNT,CTNT,Industrial Services,NASDAQ,Engineering & Construction
NASDAQ:MNOV,MNOV,Health Technology,NASDAQ,Pharmaceuticals: Major
NYSE:VNCE,VNCE,Consumer Non-Durables,NYSE,Apparel/Footwear
NASDAQ:BRTX,BRTX,Health Technology,NASDAQ,Medical Specialties
NASDAQ:JFU,JFU,Technology Services,NASDAQ,Internet Software/Services
NYSE:CIF,CIF,Miscellaneous,NYSE,Investment Trusts/Mutual Funds
AMEX:BATL,BATL,Energy Minerals,AMEX,Oil & Gas Production
NASDAQ:TVA,TVA,Finance,NASDAQ,Financial Conglomerates
NASDAQ:AEMD,AEMD,Health Technology,NASDAQ,Medical Specialties
NASDAQ:MASK,MASK,Technology Services,NASDAQ,Information Technology Services
NASDAQ:OACC,OACC,Finance,NASDAQ,Financial Conglomerates
NASDAQ:TAVI,TAVI,Finance,NASDAQ,Financial Conglomerates
NASDAQ:CAPN,CAPN,Finance,NASDAQ,Financial Conglomerates
NASDAQ:BSAAU,BSAAU,Finance,NASDAQ,Financial Conglomerates
NASDAQ:UYSC,UYSC,Finance,NASDAQ,Financial Conglomerates
NASDAQ:UTSI,UTSI,Electronic Technology,NASDAQ,Telecommunications Equipment
